time,Unnamed: 0,time_ymd,pv,npv,bs,ue,x,y,spatial_ref,pv_filter,npv_filter,bs_filter
1987-09-27,1,1987-09-27,49.25,43.65,5.8,11.55,1161555.0,-1257180.0,3577,52.67152496533514,41.42257961320083,4.423412565920782
1987-10-13,2,1987-10-13,48.6,44.9,5.25,14.5,1161555.0,-1257180.0,3577,45.37587814107402,48.28141884032604,5.1820003405559545
1987-11-14,3,1987-11-14,45.15,48.6,5.0,13.2,1161555.0,-1257180.0,3577,43.541927709667064,48.18160262583511,7.232288948100274
1987-11-30,4,1987-11-30,51.0714285714286,39.9285714285714,7.57142857142857,12.2857142857143,1161544.28571429,-1257165.0,3577,45.1021624952804,44.18869784769246,9.653360290955632
1987-12-16,5,1987-12-16,48.85,47.4,2.7,13.4,1161555.0,-1257180.0,3577,48.33888713183951,38.79232648556285,11.736851299813786
1987-12-23,6,1987-12-23,38.2,31.2,30.0,9.4,1161540.0,-1257162.0,3577,51.88422206302922,33.90616562081137,12.986953933656359
1988-03-05,7,1988-03-05,50.9411764705882,26.3529411764706,21.5882352941176,14.4705882352941,1161565.58823529,-1257177.35294118,3577,54.72010354229369,30.867947436503492,13.120415179754836
1988-04-06,8,1988-04-06,60.35,36.5,1.95,14.45,1161555.0,-1257180.0,3577,56.17828363282814,30.439459217400398,12.066537053668736
1988-05-08,9,1988-05-08,59.2,36.1,3.15,16.25,1161555.0,-1257180.0,3577,57.48626269922987,32.5739742046286,8.607481846143827
1988-05-24,10,1988-05-24,63.85,32.85,1.8,16.0,1161555.0,-1257180.0,3577,53.68598111958262,38.90358050253663,6.157434406786978
1988-06-09,11,1988-06-09,42.1333333333333,42.1333333333333,14.2666666666667,22.0,1161543.0,-1257169.0,3577,52.337155747783505,44.09493422863734,2.3040245252225127
1988-06-25,12,1988-06-25,57.05,40.25,1.4,15.5,1161555.0,-1257180.0,3577,48.82136471249746,48.75195201810753,1.3009353512993989
1988-10-31,13,1988-10-31,32.65,67.55,0.0,5.65,1161555.0,-1257180.0,3577,44.594149803931884,49.09648050910292,5.356752626356641
1988-12-02,14,1988-12-02,41.7,51.3,5.85,13.9,1161555.0,-1257180.0,3577,45.03287558067435,47.26709120114896,6.79044898220721
1988-12-18,15,1988-12-18,48.45,41.55,8.65,12.95,1161555.0,-1257180.0,3577,46.04198790645927,46.10504920320294,6.944543073025008
1989-03-31,16,1989-03-31,63.6,32.4,2.6,15.4,1161555.0,-1257180.0,3577,48.484855574212745,43.817424635092465,6.67098659853978
1989-07-14,17,1989-07-14,38.7,42.25,18.45,22.15,1161555.0,-1257180.0,3577,49.60671096037319,42.007306722288604,7.227611191696797
1989-09-15,18,1989-09-15,51.9,42.95,3.85,13.9,1161555.0,-1257180.0,3577,48.23139778632593,41.82439064304219,8.706270973607136
1989-10-01,19,1989-10-01,50.1,45.0,3.65,14.3,1161555.0,-1257180.0,3577,49.84362395935135,41.46477599071225,7.434054645044248
1989-11-02,20,1989-11-02,43.65,48.6,6.55,13.6,1161555.0,-1257180.0,3577,49.38855202345632,43.295140999951506,6.211167161011436
1989-12-20,21,1989-12-20,54.75,40.5,3.45,15.95,1161555.0,-1257180.0,3577,52.47205751814329,41.344556254156714,4.962523544566147
1990-03-26,22,1990-03-26,50.1764705882353,37.7058823529412,11.0,15.5294117647059,1161560.29411765,-1257182.64705882,3577,55.32608698212269,38.828975274855935,4.587194732511382
1990-04-27,23,1990-04-27,65.75,32.25,0.8,18.7,1161555.0,-1257180.0,3577,60.14881280619774,36.687968105463995,1.9035971768167053
1990-06-30,24,1990-06-30,62.95,34.85,0.85,16.7,1161555.0,-1257180.0,3577,59.48689605558367,36.901602224486446,2.409758005152382
1990-08-01,25,1990-08-01,55.75,41.9,1.25,17.05,1161555.0,-1257180.0,3577,56.52926634237254,38.739287158383085,3.5375106022182297
1990-08-17,26,1990-08-17,50.85,45.9,1.95,18.3,1161555.0,-1257180.0,3577,52.38972764395629,45.25159031688814,1.1851979813119025
1990-09-02,27,1990-09-02,46.85,47.1,5.05,12.0,1161555.0,-1257180.0,3577,46.21449956889988,49.57060198951645,3.084462814547952
1990-10-04,28,1990-10-04,47.85,48.3,2.6,13.9,1161555.0,-1257180.0,3577,43.664541070378206,48.80913212401509,6.392524814921876
1990-11-05,29,1990-11-05,30.9375,49.5625,18.4375,9.5625,1161543.75,-1257187.5,3577,42.92818224162738,45.390352665448326,10.549586179162548
1990-12-07,30,1990-12-07,43.6,49.7,5.7,12.7,1161555.0,-1257180.0,3577,45.5916865710255,40.739425432965604,12.487669189759378
1991-01-24,31,1991-01-24,58.3,37.4,2.9,15.6,1161555.0,-1257180.0,3577,47.65478061366075,37.68983263139503,13.45536777918656
1991-06-17,32,1991-06-17,45.9411764705882,17.3529411764706,35.5882352941176,9.05882352941176,1161549.70588235,-1257187.94117647,3577,48.71501976214642,37.40767879224569,12.695613881199753
1991-07-03,33,1991-07-03,56.25,39.95,2.5,15.65,1161555.0,-1257180.0,3577,49.46912520869394,39.05828913619033,10.33716458145596
1991-08-20,34,1991-08-20,43.5,51.45,4.05,13.1,1161555.0,-1257180.0,3577,48.309524692655785,43.618632062249205,7.029625607955003
1991-09-05,35,1991-09-05,41.95,53.8,3.3,12.65,1161555.0,-1257180.0,3577,45.94564761408001,49.33592509292919,3.7075694111019084
1991-09-21,36,1991-09-21,43.85,54.5,0.85,13.35,1161555.0,-1257180.0,3577,41.75073704522862,55.06664740967551,2.2581962951450567
1991-10-07,37,1991-10-07,44.9,53.9,0.2,14.25,1161555.0,-1257180.0,3577,42.90817325998802,56.75626256823733,0.0
1991-10-23,38,1991-10-23,45.8,52.7,0.6,14.55,1161555.0,-1257180.0,3577,46.413793009023735,53.55998047662699,0.0
1991-11-08,39,1991-11-08,45.0,52.05,1.8,13.2,1161555.0,-1257180.0,3577,50.266394023015536,46.14099371762131,2.5473481717695683
1991-12-26,40,1991-12-26,55.0,41.5,2.45,14.75,1161555.0,-1257180.0,3577,54.547280737829865,43.419237264277214,0.9094156617375069
1992-01-27,41,1992-01-27,58.9,39.95,0.15,13.3,1161555.0,-1257180.0,3577,55.02436835609388,41.86188594686422,1.9588170343585358
1992-03-15,42,1992-03-15,61.3,36.8,0.6,16.25,1161555.0,-1257180.0,3577,56.50356903157916,42.235993418340044,0.140690424126934
1992-07-21,43,1992-07-21,50.6,47.3,1.0,16.1,1161555.0,-1257180.0,3577,54.675293901137124,45.04289874211802,0.0
1992-08-06,44,1992-08-06,50.05,48.85,0.05,14.45,1161555.0,-1257180.0,3577,49.88035679490042,49.474398666341735,0.0
1992-08-22,45,1992-08-22,40.75,58.75,0.0,23.25,1161555.0,-1257187.5,3577,44.44956266642909,53.37942475480377,1.3513055056396701
1992-10-09,46,1992-10-09,46.1,51.85,1.1,15.35,1161555.0,-1257180.0,3577,40.13168286820938,55.28859901707373,3.7682608413252945
1992-10-25,47,1992-10-25,42.5,56.4,0.4,17.6,1161555.0,-1257180.0,3577,39.934140163236364,53.37962068890063,5.822551906297166
1992-11-10,48,1992-11-10,28.9,50.4,19.65,18.55,1161555.0,-1257180.0,3577,42.08407413019788,49.47947888024548,7.433840308297401
1993-03-18,49,1993-03-18,48.05,43.1,7.6,12.85,1161555.0,-1257180.0,3577,46.11411916256428,44.190735889490895,8.49916863322309
1993-05-05,50,1993-05-05,54.45,37.5,6.7,14.5,1161555.0,-1257180.0,3577,49.1303362272329,40.379488622826244,9.136248890427094
1993-05-21,51,1993-05-21,54.35,37.9,6.15,14.0,1161555.0,-1257180.0,3577,51.94969798003078,37.738157353476794,8.82233107449694
1993-06-06,52,1993-06-06,54.45,37.65,6.45,13.35,1161555.0,-1257180.0,3577,51.62784212690562,38.702410747141805,8.167355863949073
1993-08-09,53,1993-08-09,49.6,40.1,8.9,12.9,1161555.0,-1257180.0,3577,54.62556452834275,37.817034358824365,6.103668622398361
1993-08-25,54,1993-08-25,49.5,42.35,6.8,14.05,1161555.0,-1257180.0,3577,52.02802398838773,41.48752083828863,5.132974301239788
1993-09-10,55,1993-09-10,45.75,46.15,6.7,16.35,1161555.0,-1257180.0,3577,46.22214380046506,46.58229989823721,5.914916971572434
1993-10-12,56,1993-10-12,47.5,48.25,3.05,14.1,1161555.0,-1257180.0,3577,43.02796553291266,50.48355127843538,5.259856242827593
1993-10-28,57,1993-10-28,46.35,50.0,2.65,14.2,1161555.0,-1257180.0,3577,43.60912554936671,51.71091277143137,3.5013477234834225
1993-11-13,58,1993-11-13,46.65,50.25,1.9,12.0,1161555.0,-1257180.0,3577,43.656885838613064,52.283527463241015,2.8322436077849806
1993-11-29,59,1993-11-29,23.0,66.25,9.25,24.0,1161517.5,-1257142.5,3577,44.215072852837146,50.1353006126925,4.393541752364625
1994-02-01,60,1994-02-01,53.25,42.55,3.05,13.15,1161555.0,-1257180.0,3577,43.15375305808098,48.79483102036552,6.783857628438657
1994-06-09,61,1994-06-09,54.3,37.6,6.8,13.85,1161555.0,-1257180.0,3577,45.58502565545227,45.461994919418466,7.650959463651821
1994-07-11,62,1994-07-11,50.0,43.3,5.4,14.75,1161555.0,-1257180.0,3577,47.14134967199278,43.54694083006126,7.9935947952963895
1994-09-13,63,1994-09-13,31.8,48.6,18.2,8.0,1161603.0,-1257189.0,3577,45.16925674943576,44.37895819350265,9.192037065100708
1994-09-29,64,1994-09-29,46.75,43.7,8.55,12.65,1161555.0,-1257180.0,3577,43.19007555910935,46.83060324607613,8.829468415999601
1994-10-31,65,1994-10-31,44.4,52.45,1.95,15.55,1161555.0,-1257180.0,3577,40.712171729193514,49.26750416765161,8.85733291476193
1994-11-16,66,1994-11-16,47.95,44.15,6.65,12.95,1161555.0,-1257180.0,3577,37.75263590897702,51.59666154278387,9.50198423867012
1994-12-18,67,1994-12-18,26.0,58.6666666666667,14.3333333333333,22.3333333333333,1161505.0,-1257145.0,3577,42.05417740153954,47.43572243029739,9.35106338449851
1995-01-03,68,1995-01-03,42.9,45.55,10.4,11.15,1161555.0,-1257180.0,3577,48.935890580000915,43.234995345205604,6.597936738183422
1995-04-09,69,1995-04-09,64.3,33.1,1.25,17.6,1161555.0,-1257180.0,3577,54.92011950896578,38.68129641255999,5.18395397172409
1995-04-16,70,1995-04-16,56.1,31.0,11.45,12.7,1161555.0,-1257180.0,3577,57.69616034119816,34.27516363924521,6.738799642049407
1995-04-25,71,1995-04-25,63.75,32.9,2.35,17.75,1161555.0,-1257180.0,3577,60.071332773458394,31.90791433594444,6.740368520186644
1995-05-02,72,1995-05-02,63.8,33.2,1.55,17.35,1161555.0,-1257180.0,3577,58.58407299071243,33.767814334918626,6.429104503121797
1995-07-14,73,1995-07-14,54.5,40.75,3.85,17.55,1161555.0,-1257180.0,3577,53.306984175992014,38.404150604698884,7.2131544383040875
1995-08-15,74,1995-08-15,37.5,38.5,23.0,15.5,1161570.0,-1257135.0,3577,45.62781250034928,45.37470359198539,8.051266649269353
1995-09-16,75,1995-09-16,42.15,50.45,6.1,11.75,1161555.0,-1257180.0,3577,44.12469447612181,47.65640127347905,7.314620592051468
1995-10-02,76,1995-10-02,45.8,53.8,0.0,9.8,1161591.0,-1257213.0,3577,47.47841961687594,46.18630654825988,5.401753930170917
1995-10-18,77,1995-10-18,51.3,45.9,1.95,12.75,1161555.0,-1257180.0,3577,50.946715440328475,43.93791606795675,4.12302456383379
1996-03-26,78,1996-03-26,57.1052631578947,38.9473684210526,2.68421052631579,14.5263157894737,1161553.42105263,-1257182.36842105,3577,56.2964142180043,40.434920367226525,2.1988237687028613
1996-05-13,79,1996-05-13,69.0,28.15,1.45,17.5,1161555.0,-1257180.0,3577,62.28844615543211,36.062882052199924,0.5251572449977308
1996-05-29,80,1996-05-29,64.5,31.85,2.55,15.6,1161555.0,-1257180.0,3577,65.4330129724341,32.86880704371784,0.5398984878446593
1996-07-16,81,1996-07-16,56.7,39.65,2.55,16.3,1161555.0,-1257180.0,3577,60.33687486538956,35.08495444215079,3.421082170483145
1996-08-01,82,1996-08-01,51.75,43.25,3.91666666666667,20.25,1161557.5,-1257177.5,3577,53.01678904238199,41.5870224591155,4.2406009118954495
1996-08-17,83,1996-08-17,52.35,41.1,5.5,13.85,1161555.0,-1257180.0,3577,45.68658077908047,48.223067640666144,5.035502555377463
1996-09-02,84,1996-09-02,45.0,52.1538461538462,1.92307692307692,12.6923076923077,1161578.07692308,-1257188.07692308,3577,40.371865268097224,52.536621843197025,6.021564829173511
1996-11-21,85,1996-11-21,25.65,62.35,10.55,14.5,1161555.0,-1257180.0,3577,37.503108737435866,54.680280966690624,6.692061286418592
1996-12-07,86,1996-12-07,26.3,63.6,9.2,11.75,1161555.0,-1257180.0,3577,37.86617322305611,53.83865251799075,7.092741278724976
1997-04-15,87,1997-04-15,51.3125,41.75,5.5,18.0625,1161545.625,-1257170.625,3577,38.590492054379474,53.83438356117953,6.400789232200516
1997-08-05,88,1997-08-05,46.8,48.4,3.65,11.65,1161555.0,-1257180.0,3577,38.9824135616647,52.01370435350964,7.792011640021906
1997-09-06,89,1997-09-06,39.65,52.85,6.35,13.55,1161555.0,-1257180.0,3577,42.311554428537264,52.33160988213196,4.085399620621681
1997-09-22,90,1997-09-22,37.2,55.2,6.4,13.55,1161555.0,-1257180.0,3577,41.96637023966118,52.8301549070046,3.95941890926352
1997-10-08,91,1997-10-08,38.85,54.6,5.35,12.95,1161555.0,-1257180.0,3577,37.70148397631672,55.28540466089267,5.885402495882405
1997-11-09,92,1997-11-09,37.1,57.05,4.8,13.8,1161555.0,-1257180.0,3577,35.89312517749424,56.03920378928191,7.0335449744199
1997-11-25,93,1997-11-25,38.5625,50.875,9.25,11.75,1161558.75,-1257191.25,3577,35.83758640966947,54.009710454352714,9.26486590262631
1997-12-11,94,1997-12-11,40.25,58.05,1.1,11.45,1161555.0,-1257180.0,3577,42.513801658482066,45.19832935988242,11.388484844238015
1998-04-02,95,1998-04-02,30.5,33.5,35.5,16.0,1161570.0,-1257225.0,3577,48.39209290981469,37.91641688305664,12.769511775783773
1998-04-09,96,1998-04-09,64.25,33.0,1.75,15.75,1161502.5,-1257157.5,3577,51.19824727493558,34.751239058696086,13.079219205487519
1998-05-20,97,1998-05-20,65.9,27.9,4.9,14.0,1161555.0,-1257180.0,3577,51.25556569257088,35.94257423356778,11.771658900194758
1998-06-05,98,1998-06-05,42.2352941176471,36.2352941176471,20.2352941176471,14.1764705882353,1161560.29411765,-1257187.94117647,3577,51.2211553903132,38.859736816628676,8.83469351628026
1998-06-21,99,1998-06-21,57.3,39.85,1.65,14.9,1161555.0,-1257180.0,3577,49.1926812215211,42.86938346664533,6.842988654032987
1998-09-25,100,1998-09-25,36.1666666666667,62.1666666666667,0.75,8.5,1161547.5,-1257157.5,3577,50.61816489601431,47.10854382822812,1.0829372624581386
1998-11-03,101,1998-11-03,42.3,55.95,0.85,12.75,1161555.0,-1257180.0,3577,50.28327479294677,49.85610490401223,0.0
1999-01-15,102,1999-01-15,57.65,39.8,1.4,12.45,1161555.0,-1257180.0,3577,51.74922224924184,45.799013325039994,1.3632136757794888
1999-05-23,103,1999-05-23,63.4,34.15,1.2,17.75,1161555.0,-1257180.0,3577,54.92851417385289,41.637059498499276,2.306006289588173
1999-07-10,104,1999-07-10,55.5,40.3,2.9,15.8,1161555.0,-1257180.0,3577,53.895085600969,38.32520965648237,6.612745649905474
1999-07-18,105,1999-07-18,56.8,39.9,2.0,14.85,1161555.0,-1257180.0,3577,50.12062408543174,37.17767230037663,11.5582293594205
1999-07-26,106,1999-07-26,30.3333333333333,36.3333333333333,32.6666666666667,21.3333333333333,1161545.0,-1257185.0,3577,46.509684123918646,40.3299302864258,12.093265351777479
1999-08-19,107,1999-08-19,42.0,48.2,8.8,15.4,1161591.0,-1257213.0,3577,37.11211724291665,50.70707383431083,11.25273044808481
1999-08-27,108,1999-08-27,24.0,62.0,13.0,25.0,1161615.0,-1257195.0,3577,30.58948631347554,57.87044426161208,10.731864729695953
1999-09-19,109,1999-09-19,38.3,60.7,0.3,20.05,1161555.0,-1257180.0,3577,27.157987110924218,61.62539457445658,10.445808525837933
1999-09-20,110,1999-09-20,31.8,61.2,6.2,18.8,1161585.0,-1257201.0,3577,27.34477364740114,61.82702062298662,9.986051031869975
1999-11-22,111,1999-11-22,20.05,68.6,10.4,18.05,1161555.0,-1257180.0,3577,29.773408892444706,59.37329162065117,9.858316554445107
1999-12-08,112,1999-12-08,29.85,53.15,15.95,10.55,1161555.0,-1257180.0,3577,35.537948790110676,52.94859887273958,10.360674980332863
2000-01-26,113,2000-01-26,45.6666666666667,33.6666666666667,19.3333333333333,10.0,1161605.0,-1257215.0,3577,41.216639243103685,44.70010187610139,12.848346167074887
2000-02-11,114,2000-02-11,48.0666666666667,42.2,8.2,19.2666666666667,1161541.0,-1257181.0,3577,48.66898143135806,38.82283841029391,11.076824929454844
2000-02-27,115,2000-02-27,58.65,34.8,5.0,13.8,1161555.0,-1257180.0,3577,52.965012232341785,36.378735196686414,9.155802247286942
2000-06-18,116,2000-06-18,56.3333333333333,38.1111111111111,4.22222222222222,19.8888888888889,1161545.0,-1257175.0,3577,57.31684058974224,35.82005251370042,5.400977746023377
2000-07-04,117,2000-07-04,57.45,38.15,3.1,15.15,1161555.0,-1257180.0,3577,55.57499693288335,39.95164974343943,3.1413410119287777
2000-08-21,118,2000-08-21,50.2,44.65,3.8,15.0,1161555.0,-1257180.0,3577,50.887386607193235,45.79424935229204,2.1292962970978375
2000-09-06,119,2000-09-06,45.05,48.6,5.1,14.6,1161555.0,-1257180.0,3577,48.49914914805831,47.898226970820424,2.478825285481262
2000-10-24,120,2000-10-24,49.45,49.8,0.0,14.5,1161555.0,-1257180.0,3577,48.29237769453766,46.56368218983622,3.990181284143533
2000-11-09,121,2000-11-09,47.05,47.85,3.9,15.05,1161555.0,-1257180.0,3577,50.89023144037864,46.070010536412326,1.8782098190764107
2000-11-25,122,2000-11-25,50.6,46.2,2.0,15.55,1161555.0,-1257180.0,3577,54.52830773863852,42.61538173501852,1.6008874230071122
2001-03-01,123,2001-03-01,62.8,32.6,3.0,16.55,1161555.0,-1257180.0,3577,56.96376837273004,39.23839998738386,2.4583870694507404
2001-05-20,124,2001-05-20,60.2,36.25,2.15,16.9,1161555.0,-1257180.0,3577,55.10433058603165,39.6758366938526,3.921464079887807
2001-07-07,125,2001-07-07,54.25,42.4,2.3,16.65,1161555.0,-1257180.0,3577,51.94599883252118,43.06735938963823,3.7877967033977424
2001-07-23,126,2001-07-23,50.0,47.5,1.45,13.2,1161555.0,-1257180.0,3577,48.15108270878334,46.09759687732716,4.657284291236761
2001-08-08,127,2001-08-08,35.8,46.4,16.5,15.9,1161555.0,-1257180.0,3577,46.26818205500862,48.394808639579466,4.351787170676761
2001-10-27,128,2001-10-27,42.6,56.05,0.8,15.2,1161555.0,-1257180.0,3577,45.78509457369109,48.391264294555285,4.858075904207128
2001-11-28,129,2001-11-28,46.1052631578947,53.0526315789474,0.0526315789473684,15.9473684210526,1161551.84210526,-1257177.63157895,3577,48.44987883050162,45.624117123560126,4.910318461806295
2002-01-31,130,2002-01-31,66.45,30.4,1.6,16.3,1161555.0,-1257180.0,3577,54.121436644034915,38.77404314095355,5.854335779623659
2002-03-04,131,2002-03-04,56.7777777777778,30.0,11.7777777777778,12.1111111111111,1161561.66666667,-1257148.33333333,3577,60.25385676071065,34.8737095606658,3.5595190996071366
2002-05-23,132,2002-05-23,62.1176470588235,35.8823529411765,0.823529411764706,18.1176470588235,1161563.82352941,-1257175.58823529,3577,62.962335312024926,33.666109031624146,2.1273493139337463
2002-06-08,133,2002-06-08,58.7,33.95,6.15,12.5,1161555.0,-1257180.0,3577,59.97543825798879,36.90973727744928,2.002533815776722
2002-07-10,134,2002-07-10,57.05,40.05,1.6,16.1,1161555.0,-1257180.0,3577,54.30048961087506,39.605291372380904,4.98176760404111
2002-08-27,135,2002-08-27,50.3,48.2,0.7,16.0,1161555.0,-1257180.0,3577,46.92210716161889,47.085192499218955,5.015980932516815
2002-10-30,136,2002-10-30,40.2105263157895,59.5263157894737,0.0,16.7894736842105,1161551.84210526,-1257177.63157895,3577,39.870092381453354,52.49026149256605,6.727595943850725
2002-12-01,137,2002-12-01,27.95,49.9,20.85,12.45,1161555.0,-1257180.0,3577,36.95808139941482,54.12020055525079,7.947090570045125
2003-01-02,138,2003-01-02,36.4,51.55,10.6,14.8,1161555.0,-1257180.0,3577,35.602387150907646,53.10037925870553,10.255681082104607
2003-02-03,139,2003-02-03,44.35,44.85,9.4,13.8,1161555.0,-1257180.0,3577,39.84862909473448,49.80900087508675,9.21740749689073
2003-02-19,140,2003-02-19,35.8333333333333,59.8333333333333,3.83333333333333,10.6666666666667,1161595.0,-1257155.0,3577,44.38755612427752,44.897580660601484,9.520929895696273
2003-03-23,141,2003-03-23,54.95,33.5,10.25,12.25,1161555.0,-1257180.0,3577,48.98404131308727,41.16381474155015,8.5914571496602
2003-04-08,142,2003-04-08,56.4,37.7,4.45,15.55,1161555.0,-1257180.0,3577,51.3098366437136,39.279877577199386,8.162416685480483
2003-04-24,143,2003-04-24,52.85,34.05,11.8,12.7,1161555.0,-1257180.0,3577,51.46343816955725,40.115100837996906,7.177371905699008
2003-07-21,144,2003-07-21,47.25,44.45,7.05,13.7,1161555.0,-1257180.0,3577,49.36857801640346,40.619130714480676,8.673108625119717
2003-08-06,145,2003-08-06,38.0,46.1428571428571,14.5714285714286,12.7142857142857,1161602.14285714,-1257186.42857143,3577,47.037456609431004,42.548758259278216,9.007753598309534
2003-08-14,146,2003-08-14,46.95,46.6,4.95,13.7,1161555.0,-1257180.0,3577,44.24630010511703,45.12651943858699,9.34168616041542
2003-08-22,147,2003-08-22,43.95,48.1,6.75,14.35,1161555.0,-1257180.0,3577,38.73553646840431,51.169117953996306,9.07038103092007
2003-10-17,148,2003-10-17,42.75,50.35,5.85,13.4,1161555.0,-1257180.0,3577,40.711782813296566,48.83951911208429,9.1348244540885
2003-10-25,149,2003-10-25,35.65,48.65,14.8,10.0,1161555.0,-1257180.0,3577,38.74120998461821,50.31000885000978,9.728871650598311
2003-11-01,150,2003-11-01,36.1818181818182,54.1818181818182,8.54545454545454,12.6363636363636,1161560.45454545,-1257154.09090909,3577,39.40488618239226,55.01053930120095,4.60825076508936
2003-11-10,151,2003-11-10,40.45,56.85,1.85,11.7,1161555.0,-1257180.0,3577,41.316935686504515,56.559184820237455,1.3167819515129664
2003-12-04,152,2003-12-04,42.4444444444444,53.5555555555556,2.55555555555556,11.1111111111111,1161560.0,-1257175.0,3577,41.5205609547198,55.67593570390376,2.216137349891813
2004-01-13,153,2004-01-13,51.95,47.4,0.0,15.8,1161555.0,-1257180.0,3577,43.46210962498065,52.06104739616488,4.050684887434377
2004-01-21,154,2004-01-21,29.6666666666667,72.0,0.0,6.66666666666667,1161515.0,-1257145.0,3577,43.77200545634258,47.89147609590184,7.926740319657365
2004-03-25,155,2004-03-25,62.6363636363636,34.4545454545455,1.45454545454545,14.6363636363636,1161549.54545455,-1257205.90909091,3577,43.9384546990911,42.8089059364347,12.772323873306663
2004-04-10,156,2004-04-10,36.0,17.0,46.0,23.0,1161615.0,-1257135.0,3577,45.37957512215278,37.564211052320715,16.400948888965726
2004-04-18,157,2004-04-18,38.7692307692308,44.0,16.6153846153846,16.3076923076923,1161580.38461538,-1257183.46153846,3577,47.14913165425284,34.284501418235806,17.627807947804143
2004-05-12,158,2004-05-12,53.75,35.3,9.35,15.7,1161555.0,-1257180.0,3577,49.65646045084125,33.04028651840446,16.08821705053404
2004-06-05,159,2004-06-05,52.3,38.25,7.95,16.4,1161555.0,-1257180.0,3577,51.947741491464726,33.717417800430425,12.857923482919116
2004-06-13,160,2004-06-13,60.0,33.0,6.0,17.0,1161495.0,-1257225.0,3577,54.014004815017294,36.328715902558585,8.202734515248885
2004-07-07,161,2004-07-07,56.1,39.2,3.3,17.2,1161555.0,-1257180.0,3577,53.00034940543023,42.15099329735378,3.6955742532961406
2004-07-23,162,2004-07-23,45.9411764705882,42.3529411764706,10.4117647058824,15.3529411764706,1161544.41176471,-1257179.11764706,3577,55.26738085960954,41.26375085485743,2.1635988725838926
2004-08-08,163,2004-08-08,52.6,44.0,2.2,16.3,1161555.0,-1257180.0,3577,51.760122794698916,41.19929051097621,5.819576471606206
2004-08-16,164,2004-08-16,50.05,44.7,4.1,16.2,1161555.0,-1257180.0,3577,49.571027160775714,44.88313795109701,4.418268100502012
2004-09-01,165,2004-09-01,50.5,45.5,2.95,15.05,1161555.0,-1257180.0,3577,49.2267524225837,46.3904326596663,3.2494701437694244
2004-10-03,166,2004-10-03,48.95,47.7,2.3,15.4,1161555.0,-1257180.0,3577,48.11119705735177,48.40797299585503,2.3923452298926775
2004-10-11,167,2004-10-11,47.85,47.35,3.5,11.4,1161555.0,-1257180.0,3577,46.71128574347918,50.39544451632116,1.8996759955576064
2004-10-27,168,2004-10-27,44.2,54.7,0.3,15.05,1161555.0,-1257180.0,3577,46.33502046577752,51.394156362660794,1.2785723427908704
2004-11-12,169,2004-11-12,46.1,51.7,1.25,12.25,1161555.0,-1257180.0,3577,44.82633136379735,51.988033958081736,2.1692803364604005
2004-11-20,170,2004-11-20,45.7,52.3,1.0,13.45,1161555.0,-1257180.0,3577,46.0587394846227,50.95087364475148,1.9440046752350342
2004-12-06,171,2004-12-06,45.45,49.8,3.6,14.3,1161555.0,-1257180.0,3577,48.78555617498387,49.10063994312486,1.0563195962962175
2004-12-30,172,2004-12-30,52.4,44.7,1.85,15.1,1161555.0,-1257180.0,3577,52.43233868813581,45.645509392561394,0.8480765622405219
2005-01-07,173,2005-01-07,60.625,37.5,0.625,18.0,1161566.25,-1257146.25,3577,54.99299493505329,41.93376567532288,1.9960251779521243
2005-01-15,174,2005-01-15,51.8125,43.625,3.4375,16.0625,1161564.375,-1257189.375,3577,58.41395886104766,37.52576244704167,2.8658274517016364
2005-01-31,175,2005-01-31,64.55,34.45,0.05,17.3,1161555.0,-1257180.0,3577,58.77659318235065,35.889911559023844,4.1732844941430045
2005-02-24,176,2005-02-24,57.7777777777778,35.8888888888889,5.22222222222222,13.0,1161565.0,-1257151.66666667,3577,57.155800743795304,35.92642355923553,5.798620222226167
2005-03-20,177,2005-03-20,52.75,32.15,13.85,12.4,1161555.0,-1257180.0,3577,53.63343788563576,35.2246027192569,10.094092478727188
2005-03-28,178,2005-03-28,54.2,38.15,6.5,17.0,1161555.0,-1257180.0,3577,55.637268523521826,39.59251210605109,3.7130421565013503
2005-04-05,179,2005-04-05,56.05,38.85,3.95,14.65,1161555.0,-1257180.0,3577,55.09883434847782,40.17521385562581,3.70114688802714
2005-05-07,180,2005-05-07,45.75,44.5,9.25,21.75,1161592.5,-1257217.5,3577,57.05016063227285,36.72344678025243,5.140699144336152
2005-05-14,181,2005-05-14,62.25,34.05,2.45,17.25,1161555.0,-1257180.0,3577,56.07599347246342,33.62055594044256,9.198108947294886
2005-05-15,182,2005-05-15,65.7,30.25,2.75,16.75,1161555.0,-1257180.0,3577,56.254550797446086,29.212242408791735,13.381106207534065
2005-05-23,183,2005-05-23,61.6,34.6,2.45,15.2,1161555.0,-1257180.0,3577,53.72743295123135,27.630854767953466,17.47367653167457
2005-05-31,184,2005-05-31,30.0,1.0,68.0,18.0,1161615.0,-1257225.0,3577,51.70307183717688,27.223524056190683,19.885212264784
2005-06-16,185,2005-06-16,61.8,35.2,1.65,18.5,1161555.0,-1257180.0,3577,51.12061478523971,29.29704885304904,18.42637401705074
2005-07-10,186,2005-07-10,39.8888888888889,46.0,13.2222222222222,20.6666666666667,1161528.33333333,-1257201.66666667,3577,51.21877893890327,32.9682971908277,14.68110639744769
2005-08-19,187,2005-08-19,56.1,41.35,1.45,17.35,1161555.0,-1257180.0,3577,48.90262280492118,40.33288969462393,9.711394316941178
2005-08-27,188,2005-08-27,53.2,44.9,1.0,14.05,1161555.0,-1257180.0,3577,48.99014753644947,46.457478227322184,3.5005229277262497
2005-09-04,189,2005-09-04,56.4210526315789,40.6315789473684,1.63157894736842,13.6842105263158,1161558.15789474,-1257177.63157895,3577,51.680759121015356,49.497499575535194,0.0
2005-09-28,190,2005-09-28,47.3,49.5,2.1,15.3,1161555.0,-1257180.0,3577,51.74554095623877,50.232863059208,0.0
2005-10-22,191,2005-10-22,43.95,53.4,1.5,13.3,1161555.0,-1257180.0,3577,49.574962178653635,45.19590632195872,4.132128330090883
2005-12-09,192,2005-12-09,48.15,49.65,1.3,12.65,1161555.0,-1257180.0,3577,53.763814553443154,43.66079486343214,1.4767741971422341
2006-02-11,193,2006-02-11,66.4,31.7,0.8,17.5,1161555.0,-1257180.0,3577,56.76301574311059,40.083102000409994,2.01939926413053
2006-05-18,194,2006-05-18,65.4,31.95,1.25,16.1,1161555.0,-1257180.0,3577,61.80228366462431,35.39672358930977,1.58637483681072
2006-05-26,195,2006-05-26,53.25,36.375,9.25,11.375,1161596.25,-1257172.5,3577,64.53810540249424,31.108878108965712,3.08269317281535
2006-06-03,196,2006-06-03,71.45,26.6,0.65,18.05,1161555.0,-1257180.0,3577,65.13664415390609,28.424465274151668,5.092526537323703
2006-07-05,197,2006-07-05,67.0,30.25,1.4,18.0,1161555.0,-1257180.0,3577,61.46098739507285,30.38574106643221,6.860877355454237
2006-07-21,198,2006-07-21,55.8181818181818,34.0,8.63636363636364,14.9090909090909,1161549.54545455,-1257205.90909091,3577,56.856837033093,34.37214295819393,7.574178014001553
2006-07-29,199,2006-07-29,46.4,37.8,15.0,10.8,1161531.0,-1257165.0,3577,52.88577598457438,38.79737146885911,7.271216622981234
2006-08-22,200,2006-08-22,51.6470588235294,40.3529411764706,7.05882352941176,12.1764705882353,1161563.82352941,-1257173.82352941,3577,51.966881979786244,40.787621994975474,6.2649268357169445
2006-08-30,201,2006-08-30,48.7272727272727,49.1818181818182,1.27272727272727,14.1818181818182,1161563.18181818,-1257184.09090909,3577,49.68085499787791,44.328466387168234,5.027755861958186
2006-10-01,202,2006-10-01,50.1,47.75,1.3,15.7,1161555.0,-1257180.0,3577,46.91956640195248,48.03656645335702,4.136891415854929
2006-10-09,203,2006-10-09,53.2,44.55,1.15,14.05,1161555.0,-1257180.0,3577,49.1638918646552,48.37050337701509,1.5852018207448695
2006-10-17,204,2006-10-17,49.45,47.0,2.5,15.4,1161555.0,-1257180.0,3577,51.05843532842613,47.78455946173938,0.2509298215318841
2006-11-02,205,2006-11-02,51.05,45.7,2.2,13.75,1161555.0,-1257180.0,3577,53.08932458453155,45.67468957466909,0.21177223568633563
2006-12-04,206,2006-12-04,48.7,49.5,1.0,15.0,1161555.0,-1257180.0,3577,54.69677383715449,42.779316790469565,1.4466329040653048
2006-12-28,207,2006-12-28,60.7,37.75,0.6,15.55,1161555.0,-1257180.0,3577,57.23378166178258,39.660340315297056,1.9573378178911587
2007-03-26,208,2007-03-26,65.8,32.2,0.7,16.7,1161555.0,-1257180.0,3577,58.941970490800685,37.20004708912822,2.6925055207945903
2007-04-03,209,2007-04-03,59.375,35.625,3.4375,18.875,1161566.25,-1257172.5,3577,62.060107204447775,34.359889981014874,2.3801914416848957
2007-04-27,210,2007-04-27,61.65,33.2,3.8,18.1,1161555.0,-1257180.0,3577,63.794373179270764,32.503489346905546,2.4196138270051075
2007-05-28,211,2007-05-28,58.8,33.8,6.4,20.6,1161501.0,-1257171.0,3577,62.09816911673568,32.48334524092553,4.089883233381073
2007-06-06,212,2007-06-06,63.35,33.3,2.2,17.2,1161555.0,-1257180.0,3577,60.87912291525933,34.062775227863014,3.6996535069671945
2007-06-30,213,2007-06-30,61.85,34.95,1.8,19.65,1161555.0,-1257180.0,3577,57.865798193885524,36.61333909468036,4.220915543863827
2007-07-08,214,2007-07-08,58.05,37.75,2.7,18.85,1161555.0,-1257180.0,3577,56.12273683488016,37.46703309589745,5.163923138264466
2007-07-24,215,2007-07-24,46.6,40.1333333333333,11.9333333333333,13.8666666666667,1161555.0,-1257171.0,3577,54.343194463844945,38.401857257100595,6.016568650412381
2007-08-01,216,2007-08-01,53.3888888888889,39.7222222222222,5.77777777777778,18.3888888888889,1161553.33333333,-1257175.0,3577,52.445944883672766,39.41937713207177,6.896808908871618
2007-08-08,217,2007-08-08,57.65,40.0,1.25,17.3,1161555.0,-1257180.0,3577,52.53106446044023,38.66030489352456,7.6280941546480285
2007-08-24,218,2007-08-24,46.7272727272727,37.4545454545455,14.8181818181818,13.1818181818182,1161533.18181818,-1257162.27272727,3577,54.16474452462947,39.83855181313072,4.833385556182462
2007-08-25,219,2007-08-25,58.05,38.75,1.9,18.55,1161555.0,-1257180.0,3577,55.4806710286222,39.82183457471352,3.494645834822625
2007-09-09,220,2007-09-09,56.8,40.3,1.55,18.85,1161555.0,-1257180.0,3577,54.49661561816671,39.58089749165714,4.677437924678994
2007-09-10,221,2007-09-10,57.05,39.35,2.3,17.3,1161555.0,-1257180.0,3577,54.0498284387452,41.20128713578703,3.4314037121518632
2007-09-18,222,2007-09-18,53.9,42.3,2.45,17.4,1161555.0,-1257180.0,3577,52.849148483359265,40.566797441322905,5.2784806805085696
2007-09-25,223,2007-09-25,48.2,44.6,5.85,19.45,1161555.0,-1257180.0,3577,53.13433277383926,39.0560794075238,6.556569954947663
2007-09-26,224,2007-09-26,45.0,30.0,24.0,10.0,1161615.0,-1257225.0,3577,53.038599150013745,36.760587411062616,8.977608931721978
2008-03-28,225,2008-03-28,57.45,39.7,1.65,14.55,1161555.0,-1257180.0,3577,52.115339821035136,34.8101705565398,11.852310453652986
2008-04-29,226,2008-04-29,61.85,35.1,1.7,16.6,1161555.0,-1257180.0,3577,52.13607390381908,34.56523828677459,12.04967672867933
2008-05-06,227,2008-05-06,48.15,25.7,25.05,9.65,1161555.0,-1257180.0,3577,52.44359764399716,36.44503527268991,9.86457410114587
2008-05-15,228,2008-05-15,49.9444444444444,43.4444444444444,5.16666666666667,19.4444444444444,1161560.0,-1257185.0,3577,52.06326271450146,38.77360437707746,7.925994037464257
2008-05-22,229,2008-05-22,49.4736842105263,42.2631578947368,6.94736842105263,18.0,1161558.15789474,-1257177.63157895,3577,50.67562554765642,40.48926726686426,7.6302211964331885
2008-05-31,230,2008-05-31,50.65,47.0,1.25,16.4,1161555.0,-1257180.0,3577,51.07428845934681,44.356975952724554,3.36750775702982
2008-06-07,231,2008-06-07,50.05,44.4,4.55,14.5,1161555.0,-1257180.0,3577,51.86900753184808,42.76213707624996,4.167846221454855
2008-06-16,232,2008-06-16,55.6,40.85,2.35,15.5,1161555.0,-1257180.0,3577,52.10821204485897,42.70952074105257,3.9467129904471268
2008-06-24,233,2008-06-24,48.75,36.7,13.25,13.05,1161555.0,-1257180.0,3577,52.21492211823027,39.72788932049379,6.848082933848572
2008-07-26,234,2008-07-26,53.7,41.9,3.1,15.35,1161555.0,-1257180.0,3577,47.09332307291519,39.867076507033076,11.855902331874164
2008-08-19,235,2008-08-19,48.05,45.45,5.1,14.3,1161555.0,-1257180.0,3577,41.58122922104701,41.96868921095115,15.061230402315
2008-09-20,236,2008-09-20,30.0,31.0,38.0,18.6666666666667,1161525.0,-1257135.0,3577,40.65720460897464,46.42491268711041,11.97733921610229
2008-10-30,237,2008-10-30,35.2631578947368,58.9473684210526,4.89473684210526,19.1052631578947,1161555.0,-1257177.63157895,3577,40.676948544361395,48.89491511420876,9.566175986306543
2008-11-14,238,2008-11-14,44.15,49.15,5.6,13.35,1161555.0,-1257180.0,3577,39.59383608081077,49.00800948276995,10.349545745112067
2008-11-23,239,2008-11-23,37.6,56.05,4.95,13.55,1161555.0,-1257180.0,3577,43.90048082382443,46.04696984889387,8.57902445444276
2009-01-25,240,2009-01-25,60.65,33.35,4.9,14.9,1161555.0,-1257180.0,3577,47.42141031527646,41.26901865446955,9.43778195081623
2009-02-27,241,2009-02-27,57.3684210526316,41.1578947368421,0.263157894736842,15.6842105263158,1161558.15789474,-1257177.63157895,3577,51.807546624786724,36.413475041329306,9.625972833585049
2009-03-06,242,2009-03-06,35.75,18.75,40.25,19.0,1161570.0,-1257225.0,3577,53.780625552810776,32.18436117681196,11.758218626735687
2009-03-23,243,2009-03-23,55.95,34.55,8.0,13.65,1161555.0,-1257180.0,3577,53.54478890832988,28.501783766986446,15.837885436216943
2009-04-08,244,2009-04-08,68.3,29.75,0.65,17.85,1161555.0,-1257180.0,3577,54.40586012487594,30.37438467105195,13.383894909878734
2009-04-16,245,2009-04-16,44.8333333333333,34.3333333333333,20.0,15.3333333333333,1161585.0,-1257160.0,3577,58.047115238780016,31.03431158081581,9.421966973061377
2009-05-18,246,2009-05-18,61.95,34.05,2.75,14.1,1161555.0,-1257180.0,3577,59.56746034639066,33.00157162374364,6.218507303352391
2009-05-26,247,2009-05-26,61.2,35.2,2.35,18.6,1161555.0,-1257180.0,3577,63.069210079466245,34.29149742630979,1.6363554524339123
2009-06-19,248,2009-06-19,64.75,32.875,1.125,18.125,1161564.375,-1257189.375,3577,61.76939585317348,36.82861224783029,0.35134145768407987
2009-06-27,249,2009-06-27,62.1428571428571,35.1428571428571,1.14285714285714,18.1428571428571,1161567.85714286,-1257143.57142857,3577,56.852608382321236,36.688750645633704,4.91962379725464
2009-07-05,250,2009-07-05,57.9,38.45,2.3,16.35,1161555.0,-1257180.0,3577,54.88179751104627,38.38896408028961,5.336674574135075
2009-07-29,251,2009-07-29,41.4,45.0,12.2,20.8,1161591.0,-1257213.0,3577,54.046781959002985,41.18711244894839,3.4530946092086414
2009-08-06,252,2009-08-06,51.05,45.55,2.3,17.0,1161555.0,-1257180.0,3577,48.80971505274181,43.22513051962869,6.752652223936044
2009-08-14,253,2009-08-14,44.5,37.35,17.0,10.9,1161555.0,-1257180.0,3577,46.70324576776254,43.4605203013397,8.584080087033641
2009-08-22,254,2009-08-22,50.9333333333333,44.1333333333333,3.66666666666667,15.3333333333333,1161557.0,-1257181.0,3577,44.00650383277206,42.55484527006382,12.204493369798413
2009-09-07,255,2009-09-07,48.85,46.0,4.0,14.15,1161555.0,-1257180.0,3577,44.82393232032881,43.782516052810905,10.171240004151434
2009-09-23,256,2009-09-23,42.3333333333333,47.6666666666667,8.66666666666667,11.3333333333333,1161605.0,-1257215.0,3577,45.55920573941654,44.24881017017489,8.90413080717082
2009-10-01,257,2009-10-01,33.0,33.5,32.0,17.5,1161540.0,-1257165.0,3577,44.783360597691,44.06407715697716,9.893255779003711
2009-10-09,258,2009-10-09,47.35,48.85,2.7,14.25,1161555.0,-1257180.0,3577,42.32996453403304,46.00174396415743,10.50924797899691
2009-10-25,259,2009-10-25,45.55,52.8,0.9,14.75,1161555.0,-1257180.0,3577,39.84285016365097,47.51459163875137,11.655000462010195
2009-11-02,260,2009-11-02,44.9411764705882,51.4117647058824,2.52941176470588,10.0588235294118,1161563.82352941,-1257175.58823529,3577,36.51905526482926,47.67914661371426,14.964670138333894
2009-11-18,261,2009-11-18,28.125,36.25,34.75,14.375,1161521.25,-1257198.75,3577,36.30546428166082,48.28197113393988,14.56469607609436
2009-12-11,262,2009-12-11,32.8888888888889,52.1111111111111,14.4444444444444,13.8888888888889,1161581.66666667,-1257178.33333333,3577,38.384074614851066,48.880198996245234,11.796284610387737
2009-12-12,263,2009-12-12,36.55,53.1,9.35,12.75,1161555.0,-1257180.0,3577,38.83021112317564,46.69474635119539,13.424223915462113
2009-12-20,264,2009-12-20,39.45,39.5,19.7,10.4,1161555.0,-1257180.0,3577,40.496625993337304,42.619510983354544,15.625879460588465
2010-02-06,265,2010-02-06,53.3,40.5,4.7,14.1,1161555.0,-1257150.0,3577,43.669044552943504,41.0560798294301,14.005969052697973
2010-02-14,266,2010-02-14,51.65,39.4,7.45,13.45,1161555.0,-1257180.0,3577,45.32745559696713,38.46260112436008,15.046933294955082
2010-03-18,267,2010-03-18,42.95,35.75,20.5,10.4,1161555.0,-1257180.0,3577,48.36764393156858,35.632717336281495,14.91003758074196
2010-04-11,268,2010-04-11,37.1176470588235,28.8823529411765,33.1176470588235,17.2941176470588,1161544.41176471,-1257179.11764706,3577,46.795907370208326,34.3288028782514,17.861907271584073
2010-04-27,269,2010-04-27,52.2,38.5,8.2,18.2,1161555.0,-1257180.0,3577,48.24093853089671,33.69745300531538,17.09004943032187
2010-05-05,270,2010-05-05,46.1111111111111,33.4444444444444,19.8888888888889,18.7777777777778,1161538.33333333,-1257208.33333333,3577,50.033746674815504,32.39899548840968,16.373300945798952
2010-05-29,271,2010-05-29,56.2,33.6,8.6,14.8,1161555.0,-1257225.0,3577,49.090766518122145,33.37052296637482,16.187162846257127
2010-06-14,272,2010-06-14,54.0666666666667,38.6,5.53333333333333,15.4,1161555.0,-1257195.0,3577,47.540583001038485,36.50738260403531,14.549138068267196
2010-06-30,273,2010-06-30,40.25,35.0833333333333,23.0833333333333,15.9166666666667,1161577.5,-1257167.5,3577,48.49435997337295,41.37407863994387,8.766304712506269
2010-07-15,274,2010-07-15,54.75,31.25,12.75,23.75,1161510.0,-1257210.0,3577,47.27386490458996,42.850600516456424,8.616585393601031
2010-08-25,275,2010-08-25,34.6666666666667,57.0,7.33333333333333,20.3333333333333,1161555.0,-1257195.0,3577,47.43330633428269,41.828606675295006,9.617857490046902
2010-11-21,276,2010-11-21,43.2,51.2,5.4,9.0,1161555.0,-1257225.0,3577,49.60358142029229,40.63726187812267,8.725793539104929
2011-02-17,277,2011-02-17,65.7,31.65,1.4,18.65,1161555.0,-1257180.0,3577,51.22872617577735,37.96433313847608,9.932088087349769
2011-03-12,278,2011-03-12,65.35,30.55,2.7,17.5,1161555.0,-1257180.0,3577,55.56662228379665,34.46688280758974,9.01883421016414
2011-03-20,279,2011-03-20,42.5,20.6666666666667,35.6666666666667,17.6666666666667,1161505.0,-1257180.0,3577,58.46001428910772,31.75441014093792,8.73486436164325
2011-03-21,280,2011-03-21,60.6,37.9,0.65,15.5,1161555.0,-1257180.0,3577,57.896030440139434,30.503628569568292,10.40941999177138
2011-05-16,281,2011-05-16,54.05,37.9,6.8,12.25,1161555.0,-1257180.0,3577,56.901117870768815,32.72669142003019,9.117147300582477
2011-06-17,282,2011-06-17,59.0,38.0,2.0,19.0,1161615.0,-1257135.0,3577,53.659475560551144,38.74540005917136,6.291136056924595
2011-07-03,283,2011-07-03,54.5,39.4,4.5,16.1,1161555.0,-1257180.0,3577,51.646280499678355,43.71862410035131,3.4027232829085348
2011-08-11,284,2011-08-11,43.7,50.15,4.8,15.75,1161555.0,-1257180.0,3577,48.74190362127995,48.18027346983846,1.7993594359479643
2011-09-21,285,2011-09-21,43.15,52.05,3.5,14.1,1161555.0,-1257180.0,3577,45.97507736657064,50.401729319551784,2.3542771095117674
2011-10-07,286,2011-10-07,46.3,51.2,1.55,15.65,1161555.0,-1257180.0,3577,39.87620635766675,52.82035483513726,6.195262828923599
2011-10-15,287,2011-10-15,40.9090909090909,52.8181818181818,5.18181818181818,17.7272727272727,1161587.72727273,-1257184.09090909,3577,38.11861206622809,56.03708510739758,4.866289381881112
2011-10-22,288,2011-10-22,28.8333333333333,61.5,9.0,23.1111111111111,1161553.33333333,-1257175.0,3577,37.03358401612843,56.81658265272671,5.2532589607588775
2011-10-23,289,2011-10-23,40.1,53.5,5.4,17.0,1161567.0,-1257192.0,3577,40.29360630924903,53.18653342153813,5.686098899692194
2011-10-30,290,2011-10-30,52.5,45.6428571428571,0.928571428571429,16.7857142857143,1161535.71428571,-1257173.57142857,3577,46.02917223501956,50.8212042109236,2.2036472533936164
2011-11-07,291,2011-11-07,40.25,55.6,3.25,11.6,1161555.0,-1257180.0,3577,51.269394588891565,46.13323869112652,1.5537000667029313
2012-02-28,292,2012-02-28,62.35,34.4,1.85,17.3,1161555.0,-1257180.0,3577,57.19176752039675,40.19039443528006,1.4297795084170675
2012-03-06,293,2012-03-06,63.0,35.5,0.5,17.5,1161510.0,-1257225.0,3577,60.70540929657669,35.50082116025857,2.581252802924247
2012-06-19,294,2012-06-19,64.6,31.9333333333333,2.06666666666667,19.9333333333333,1161555.0,-1257165.0,3577,58.59987984151195,33.859780003273386,6.319160457704408
2012-07-05,295,2012-07-05,54.7,41.75,2.25,19.55,1161555.0,-1257180.0,3577,55.35857238735668,35.35967283489974,8.087007419823548
2012-07-28,296,2012-07-28,46.0,24.0,29.0,9.0,1161615.0,-1257225.0,3577,52.33833854879751,37.39256220083239,9.136046318528878
2012-08-06,297,2012-08-06,48.0,48.3333333333333,2.66666666666667,23.6666666666667,1161505.0,-1257165.0,3577,48.77923120777834,40.718863501341325,9.50086131221974
2012-09-14,298,2012-09-14,41.8,48.0,9.4,10.2,1161555.0,-1257225.0,3577,45.38406680244536,44.17042252816776,9.497163493804134
2012-09-23,299,2012-09-23,49.0,45.3,4.45,15.45,1161555.0,-1257180.0,3577,45.468356322515795,44.695645375589095,8.777994148377243
2012-10-16,300,2012-10-16,55.6666666666667,43.3333333333333,0.0,16.0,1161525.0,-1257225.0,3577,44.84266143430541,46.35369910407742,7.807439983538167
2012-10-25,301,2012-10-25,40.7692307692308,43.0769230769231,15.3076923076923,13.3846153846154,1161541.15384615,-1257185.76923077,3577,50.79516672545417,44.32783429463699,3.7465620793333256
2012-11-26,302,2012-11-26,51.4,41.55,5.6,14.7,1161555.0,-1257180.0,3577,52.965968677052345,42.0442706008142,3.8203825651482504
2012-12-03,303,2012-12-03,55.35,39.1,4.05,16.5,1161555.0,-1257180.0,3577,55.47913596659389,38.50731369573586,4.677891331265382
2012-12-12,304,2012-12-12,53.95,42.2,2.75,15.5,1161555.0,-1257180.0,3577,57.64723038565809,36.949323879352114,3.995864037479092
2013-03-18,305,2013-03-18,67.0,32.0,0.0,24.0,1161510.0,-1257135.0,3577,57.122350359422626,34.80810545078412,6.681889966236673
2013-04-01,306,2013-04-01,67.1764705882353,26.6470588235294,4.17647058823529,17.1764705882353,1161560.29411765,-1257172.05882353,3577,56.412872667274215,33.92091538282651,8.387794410366606
2013-04-11,307,2013-04-11,35.0,40.0,24.0,18.0,1161615.0,-1257195.0,3577,56.66487767392519,32.2992762283405,9.895172386009504
2013-04-26,308,2013-04-26,64.4666666666667,31.2666666666667,2.86666666666667,17.4,1161555.0,-1257165.0,3577,55.01526587231371,31.84558469227933,12.166353508815911
2013-05-05,309,2013-05-05,50.0,27.4,22.4,20.6,1161501.0,-1257171.0,3577,55.71787876597453,32.51555520938621,10.776205936610827
2013-05-21,310,2013-05-21,56.6666666666667,39.2666666666667,3.0,17.4,1161555.0,-1257195.0,3577,57.93125971897118,32.573534202056884,8.431617364700386
2013-06-06,311,2013-06-06,66.4,31.8,0.6,16.2,1161555.0,-1257135.0,3577,60.51612191224626,33.03882077163462,5.233170799492424
2013-07-16,312,2013-07-16,66.8421052631579,28.7894736842105,2.63157894736842,19.3157894736842,1161558.15789474,-1257177.63157895,3577,62.91873075068801,33.53435145019151,2.1742644788232903
2013-07-24,313,2013-07-24,57.75,39.45,1.35,14.7,1161555.0,-1257180.0,3577,64.1184931159828,33.930060091411406,0.3056889357610645
2013-08-09,314,2013-08-09,62.5,34.0,1.5,19.5,1161510.0,-1257225.0,3577,59.44911933158561,36.49942921398299,2.3902254960830476
2013-08-17,315,2013-08-17,59.65,34.85,4.0,15.3,1161555.0,-1257180.0,3577,60.09189428787684,37.909478960011015,0.37915475432171486
2013-08-25,316,2013-08-25,51.95,44.7,1.95,16.55,1161555.0,-1257180.0,3577,56.46614946483339,40.1376621816557,1.9287144011273423
2013-09-17,317,2013-09-17,53.5,43.35,2.05,16.05,1161555.0,-1257180.0,3577,52.722579766648806,43.38341630667853,2.5255299450423596
2013-09-18,318,2013-09-18,55.75,39.9,2.85,14.4,1161555.0,-1257180.0,3577,50.03305340983834,44.108067510941,4.590319864264105
2013-09-26,319,2013-09-26,42.5,48.85,7.5,12.2,1161555.0,-1257180.0,3577,45.783904337738946,44.857912693187885,8.059315786054032
2013-10-04,320,2013-10-04,50.15,45.45,2.9,15.9,1161555.0,-1257180.0,3577,41.665385156632794,46.15878293532403,10.922425252764178
2013-10-28,321,2013-10-28,31.5,44.15,22.9,13.8,1161555.0,-1257180.0,3577,42.64805364913086,44.49785879754256,11.45903570113925
2013-11-05,322,2013-11-05,41.3333333333333,41.6666666666667,16.0,12.6666666666667,1161525.0,-1257135.0,3577,43.41209360813974,42.83143190658031,12.346907272292423
2014-01-08,323,2014-01-08,48.625,41.875,7.75,14.625,1161562.5,-1257157.5,3577,45.409613219590945,41.492045183912055,11.638237459133553
2014-01-24,324,2014-01-24,48.3,41.4,8.75,15.5,1161555.0,-1257180.0,3577,49.48761122777411,38.047045292163446,10.890582173243086
2014-03-28,325,2014-03-28,60.9,34.25,3.4,15.5,1161555.0,-1257180.0,3577,53.083839586618026,36.75864130708783,8.54454307302477
2014-03-29,326,2014-03-29,57.7,32.6,7.7,14.8,1161555.0,-1257180.0,3577,57.52888079411987,34.7097604407924,6.078683236267468
2014-06-01,327,2014-06-01,46.3,36.75,15.55,19.05,1161555.0,-1257180.0,3577,58.98608489033304,33.39198997596331,5.857312347094753
2014-07-02,328,2014-07-02,61.0,33.0,4.0,16.0,1161510.0,-1257135.0,3577,54.71583151110198,34.41753898835428,9.13551386693665
2014-07-03,329,2014-07-03,54.5,36.2,7.7,14.25,1161555.0,-1257180.0,3577,51.54759791291528,36.51991816232757,10.298119682173873
2014-07-18,330,2014-07-18,50.8,42.4,5.5,13.7,1161555.0,-1257210.0,3577,47.5373085038037,40.50413200051416,10.393757300309256
2014-07-19,331,2014-07-19,47.0,34.0,17.0,10.0,1161510.0,-1257135.0,3577,44.29034258299872,43.78062620333827,10.468540938589602
2014-08-12,332,2014-08-12,26.0,57.0,16.0,23.0,1161615.0,-1257195.0,3577,42.58971934557694,45.66696908278419,10.38952174608669
2014-08-19,333,2014-08-19,46.0909090909091,48.5454545454545,4.09090909090909,13.8181818181818,1161549.54545455,-1257205.90909091,3577,41.74603202984013,48.215995528852844,8.664624368680316
2014-08-20,334,2014-08-20,46.95,45.9,5.75,15.55,1161555.0,-1257180.0,3577,40.658858101558096,49.33594221491467,8.659749505943195
2014-09-04,335,2014-09-04,41.1538461538462,48.8461538461538,8.69230769230769,14.0769230769231,1161548.07692308,-1257199.61538462,3577,42.671732840752654,48.720128365857065,7.265060256376368
2014-09-05,336,2014-09-05,45.45,44.75,8.25,14.1,1161555.0,-1257180.0,3577,42.73679027352317,47.36342937734443,8.596176124638328
2014-09-13,337,2014-09-13,40.75,50.95,7.05,13.95,1161555.0,-1257180.0,3577,43.7717730352459,47.07359846630398,7.848405321754944
2014-10-07,338,2014-10-07,43.3,48.45,6.85,14.7,1161555.0,-1257180.0,3577,42.31325577256119,46.910438489819434,9.382092080340263
2014-10-22,339,2014-10-22,35.5,42.0,21.5,16.0,1161510.0,-1257225.0,3577,38.81063984835732,48.87925686482352,11.014301131113012
2014-11-16,340,2014-11-16,41.65,50.55,6.6,14.6,1161555.0,-1257180.0,3577,38.80063613451935,48.69343852146173,11.321682175883867
2014-11-23,341,2014-11-23,39.15,50.15,9.1,12.55,1161555.0,-1257180.0,3577,38.676020883135834,48.123787280823436,12.040054682158146
2014-12-02,342,2014-12-02,42.3,52.05,4.5,13.15,1161555.0,-1257180.0,3577,38.703713623831675,47.85637404390559,12.251002093879517
2014-12-09,343,2014-12-09,33.65,42.85,22.5,17.95,1161555.0,-1257180.0,3577,41.28499163374706,46.469317601895796,11.001181790344226
2014-12-18,344,2014-12-18,47.1428571428571,41.4285714285714,10.4285714285714,17.7142857142857,1161525.0,-1257186.42857143,3577,44.609258234019364,45.358023246096955,8.789046866444925
2014-12-26,345,2014-12-26,49.35,44.9,4.3,13.35,1161555.0,-1257180.0,3577,49.691190079263144,42.17315617818083,6.7662059302916004
2015-01-18,346,2015-01-18,54.5,39.875,3.75,19.5,1161521.25,-1257187.5,3577,54.26083111933694,38.54586721327631,5.822498554076628
2015-01-19,347,2015-01-19,59.0,38.05,1.7,18.0,1161555.0,-1257180.0,3577,59.39705186453526,36.1085661242728,3.0227832538973525
2015-02-04,348,2015-02-04,64.9,32.5,1.25,14.2,1161555.0,-1257180.0,3577,62.37390782591089,34.260754415857654,1.8224314385302385
2015-03-16,349,2015-03-16,62.7,32.15,3.5,18.2,1161555.0,-1257180.0,3577,62.086580035022784,34.367500791257264,1.9885070553798236
2015-04-17,350,2015-04-17,63.4,30.8,4.1,17.5,1161555.0,-1257180.0,3577,62.55021603782279,32.521612520601465,3.3941736282288475
2015-05-11,351,2015-05-11,59.55,35.65,3.6,16.65,1161555.0,-1257180.0,3577,63.328857056246974,32.69393385252029,2.4050658320004548
2015-05-19,352,2015-05-19,59.2,34.7,4.15,17.3,1161555.0,-1257180.0,3577,62.39771410219394,32.89976148721787,3.020253018394982
2015-05-27,353,2015-05-27,57.7,38.55,2.25,15.55,1161555.0,-1257180.0,3577,58.46679512437153,35.720740327778344,4.127855117018587
2015-06-20,354,2015-06-20,59.45,36.35,2.4,17.2,1161555.0,-1257180.0,3577,53.747959470861645,39.82624542639428,4.86025785360078
2015-06-28,355,2015-06-28,60.8333333333333,35.6666666666667,2.08333333333333,16.9166666666667,1161562.5,-1257157.5,3577,48.81582988733962,44.11655336407,5.625345139895382
2015-07-05,356,2015-07-05,32.25,52.75,13.5,15.75,1161600.0,-1257210.0,3577,44.21558920954544,47.99900733940265,6.436164454739343
2015-07-06,357,2015-07-06,36.5,51.25,11.25,15.0,1161600.0,-1257210.0,3577,40.87650414600268,50.48914351901214,7.377784753944641
2015-07-22,358,2015-07-22,34.5,62.5,2.0,23.0,1161615.0,-1257210.0,3577,38.00921142840079,52.15338753093391,8.639139549819372
2015-08-15,359,2015-08-15,46.6,46.15,5.75,15.45,1161555.0,-1257180.0,3577,38.795890796504196,53.14275043840813,6.8386239147838825
2015-08-31,360,2015-08-31,43.0,48.25,7.45,16.55,1161555.0,-1257180.0,3577,42.96800969927263,50.478497044743364,5.132682023857729
2015-09-08,361,2015-09-08,45.4,45.9,7.15,13.65,1161555.0,-1257180.0,3577,45.53761970742714,47.70385517474588,5.204753657074862
2015-09-24,362,2015-09-24,44.25,47.4,6.85,15.25,1161555.0,-1257180.0,3577,46.485585673349625,45.85753786976013,6.185231692970707
2015-11-11,363,2015-11-11,47.65,47.5,3.35,16.75,1161555.0,-1257180.0,3577,44.60684578578649,45.234854619058396,8.78146420143193
2015-11-19,364,2015-11-19,51.0,43.6666666666667,4.0,16.2666666666667,1161555.0,-1257195.0,3577,43.54357964016756,44.71431365331627,10.614905063974682
2015-11-26,365,2015-11-26,38.8,38.1,21.7,20.1,1161555.0,-1257150.0,3577,47.323671581249656,43.43511261699468,8.09892254288418
2015-12-12,366,2015-12-12,38.0,52.0,10.0,5.0,1161495.0,-1257165.0,3577,49.71490398146002,40.1771027733816,8.995961159582103
2016-01-06,367,2016-01-06,61.6,34.15,2.9,15.95,1161555.0,-1257180.0,3577,52.73973962053668,40.57543570979497,5.5226735081216
2016-02-22,368,2016-02-22,61.1333333333333,32.7333333333333,4.33333333333333,17.6666666666667,1161567.0,-1257191.0,3577,57.38521653783953,35.92913608578706,5.24731285226563
2016-03-01,369,2016-03-01,58.95,37.3,2.2,19.3,1161555.0,-1257180.0,3577,58.21727521703431,33.585294117642036,6.663861525470434
2016-03-02,370,2016-03-02,63.25,31.9,2.95,18.85,1161555.0,-1257180.0,3577,57.626254808134746,33.20747688843167,7.702167543497653
2016-03-10,371,2016-03-10,38.0,41.0,20.3333333333333,9.16666666666667,1161595.0,-1257200.0,3577,54.32485097461066,34.3338818044649,9.9850198820772
2016-04-03,372,2016-04-03,64.15,31.3,2.7,18.85,1161555.0,-1257180.0,3577,47.997748922896555,37.55637381194095,13.316496351943261
2016-04-18,373,2016-04-18,40.6666666666667,25.3333333333333,33.3333333333333,7.33333333333333,1161585.0,-1257135.0,3577,44.333784919923815,41.33492065209713,13.49223985508612
2016-05-05,374,2016-05-05,35.0,63.0,2.0,19.0,1161615.0,-1257135.0,3577,44.32645555338394,41.636851607278814,13.15178794373643
2016-05-13,375,2016-05-13,52.95,42.55,3.1,15.65,1161555.0,-1257180.0,3577,48.54742777861248,42.78287615376758,7.621152222389471
2016-05-29,376,2016-05-29,49.125,40.75,8.5,21.25,1161592.5,-1257180.0,3577,52.60490072560613,42.186262852010294,3.9630938046626367
2016-06-05,377,2016-06-05,57.05,37.25,4.45,19.45,1161555.0,-1257180.0,3577,55.53994029639186,39.780719833202575,3.2140327561613584
2016-06-06,378,2016-06-06,60.75,32.65,4.8,19.7,1161555.0,-1257180.0,3577,54.44831321531507,38.474441106240555,5.6080658565051245
2016-06-22,379,2016-06-22,55.75,40.75,2.0,14.75,1161600.0,-1257180.0,3577,54.8117108233036,36.05711841841037,7.470891469607309
2016-07-16,380,2016-07-16,56.4444444444444,38.1111111111111,4.0,21.0,1161561.66666667,-1257148.33333333,3577,51.15152351550729,34.82846455097662,12.478381299574949
2016-08-08,381,2016-08-08,31.3846153846154,34.4615384615385,32.9230769230769,23.2307692307692,1161536.53846154,-1257185.76923077,3577,46.66897195940615,40.72950044021417,11.288471010412039
2016-08-24,382,2016-08-24,45.3,46.4,7.05,17.65,1161555.0,-1257180.0,3577,45.4738528760341,42.88878329569819,10.347617210722944
2016-10-12,383,2016-10-12,46.65,47.2,4.8,15.4,1161555.0,-1257180.0,3577,43.5727729208225,46.347794709781724,8.878159614259143
2016-10-28,384,2016-10-28,47.95,46.45,4.15,14.3,1161555.0,-1257180.0,3577,41.30800816433088,51.19837104626767,6.40346302899196
2016-11-05,385,2016-11-05,47.125,51.75,0.5,19.125,1161513.75,-1257187.5,3577,42.251477043960016,53.13807304500425,3.566520992898767
2016-11-12,386,2016-11-12,39.1875,57.1875,2.5625,11.0625,1161558.75,-1257168.75,3577,48.70960037751999,48.441448821011114,1.5951143254219007
2016-11-29,387,2016-11-29,49.45,44.9,4.25,14.7,1161555.0,-1257180.0,3577,52.56302411468033,45.053306432982346,1.1011704626641055
2016-12-23,388,2016-12-23,44.9444444444444,48.9444444444444,5.0,19.4444444444444,1161560.0,-1257175.0,3577,51.98526582206145,42.93522603986358,3.8696791083008173
2017-04-06,389,2017-04-06,58.1,37.6,2.9,20.95,1161555.0,-1257180.0,3577,52.110458839398405,44.20283319620893,2.571142028765484
2017-05-23,390,2017-05-23,72.8,25.4,0.4,18.2,1161501.0,-1257171.0,3577,49.6862306080498,46.18256466185342,3.1110669988761313
2017-07-11,391,2017-07-11,47.3333333333333,48.8333333333333,2.66666666666667,22.0,1161540.0,-1257175.0,3577,51.584062974341634,45.69927077995279,1.7467493162149998
2017-07-26,392,2017-07-26,22.0,78.5,0.0,5.5,1161600.0,-1257195.0,3577,49.167290823204524,48.3518070680537,1.6066641047288812
2017-08-20,393,2017-08-20,48.4375,44.25,5.875,19.3125,1161558.75,-1257191.25,3577,44.784315289107354,51.251740764387904,2.9750614925146097
2017-08-27,394,2017-08-27,49.75,44.65,4.2,15.45,1161555.0,-1257180.0,3577,42.432562436696955,51.038165051315325,5.3275114204672835
2017-08-28,395,2017-08-28,53.95,39.6,4.9,17.25,1161555.0,-1257180.0,3577,43.002419046375465,48.86336176722444,6.768037483671145
2017-09-05,396,2017-09-05,51.1111111111111,43.1666666666667,4.05555555555556,16.8333333333333,1161560.0,-1257175.0,3577,46.52874316515262,44.287958171852495,7.645550227205429
2017-09-13,397,2017-09-13,22.0,59.0,17.5,6.0,1161615.0,-1257210.0,3577,49.4687994796667,40.7209782993004,8.145184098665851
2017-10-15,398,2017-10-15,56.7,36.85,4.8,13.55,1161555.0,-1257180.0,3577,47.8635810654702,43.357307656217586,7.163509168848654
2017-10-23,399,2017-10-23,54.5,39.8333333333333,4.33333333333333,15.6666666666667,1161545.0,-1257220.0,3577,45.608479411878164,50.778528437499176,2.077329979961254
2017-11-24,400,2017-11-24,49.55,45.55,3.55,13.4,1161555.0,-1257180.0,3577,46.003971196495286,47.04328921851438,5.3581740498915265
2017-12-02,401,2017-12-02,37.5,50.6666666666667,10.1666666666667,9.0,1161605.0,-1257180.0,3577,45.36116582075657,41.62018703689908,11.571862554368577
2017-12-10,402,2017-12-10,45.4666666666667,43.2,9.73333333333333,19.4666666666667,1161563.0,-1257187.0,3577,44.91012528922076,35.33703123501357,18.553005852074296
2018-01-11,403,2018-01-11,48.65,33.1,17.1,16.65,1161555.0,-1257180.0,3577,45.390614390762416,29.52364060088078,24.029261502168133
2018-02-19,404,2018-02-19,44.0,17.0,38.0,12.0,1161615.0,-1257135.0,3577,44.74907239302857,26.374225877317915,27.92439526417437
2018-02-20,405,2018-02-20,46.0,0.0,54.0,21.0,1161510.0,-1257135.0,3577,55.6483232969218,17.432312939895475,26.026277386180606
2018-03-23,406,2018-03-23,62.55,34.9,1.4,15.8,1161555.0,-1257180.0,3577,62.00012567411023,21.033211061381284,15.84166885745596
2018-04-08,407,2018-04-08,65.3571428571429,30.4285714285714,2.71428571428571,18.9285714285714,1161559.28571429,-1257162.85714286,3577,61.743132667117266,26.53185215197201,10.439446466844291
2018-04-09,408,2018-04-09,68.1,26.85,3.1,17.9,1161555.0,-1257180.0,3577,58.4856698512958,31.74790936617087,8.330800829716
2018-04-17,409,2018-04-17,56.6666666666667,36.0,6.0,16.6,1161569.0,-1257189.0,3577,52.946624840579794,36.22521673372525,9.369560779776101
2018-06-04,410,2018-06-04,49.8666666666667,39.0,9.53333333333333,21.0666666666667,1161563.0,-1257191.0,3577,46.20775952632849,38.16126319500361,14.164839237128142
2018-06-12,411,2018-06-12,13.5,60.5,24.5,24.0,1161615.0,-1257210.0,3577,39.58614002096385,37.51221580276747,21.532980641646148
2018-07-22,412,2018-07-22,38.0,5.0,57.0,18.0,1161495.0,-1257225.0,3577,35.12282444077586,35.8540742539141,27.904139359088745
2018-07-30,413,2018-07-30,49.9,41.1,7.4,18.1,1161555.0,-1257180.0,3577,38.283733330490904,39.76040847227983,20.827115051190184
2018-08-14,414,2018-08-14,38.5,49.0,11.0,12.1666666666667,1161545.0,-1257220.0,3577,42.388476005942664,40.889619264992746,15.568903795329842
2018-08-15,415,2018-08-15,50.65,42.85,4.95,17.05,1161555.0,-1257180.0,3577,47.10816715095713,42.23398638482962,9.405594700822682
2018-08-23,416,2018-08-23,46.5454545454545,47.3636363636364,5.27272727272727,19.3636363636364,1161538.63636364,-1257195.0,3577,48.33041925525684,44.8439035830906,5.535549917761307
2018-08-30,417,2018-08-30,46.05,46.35,6.3,17.75,1161555.0,-1257180.0,3577,45.69567315698218,47.845961610190024,5.060274386462763
2018-08-31,418,2018-08-31,45.85,48.75,3.85,15.75,1161555.0,-1257180.0,3577,37.004510441335896,50.675226309079676,10.91757679415832
2018-09-08,419,2018-09-08,24.1111111111111,43.3333333333333,31.3333333333333,14.3333333333333,1161595.0,-1257178.33333333,3577,35.79384716429746,45.636377940321076,17.276074554020173
2018-09-16,420,2018-09-16,33.5,50.05,14.9,13.5,1161555.0,-1257180.0,3577,33.500273248011425,46.580252133390026,18.50310066610099
2018-09-24,421,2018-09-24,27.7894736842105,48.8421052631579,22.0,17.2105263157895,1161553.42105263,-1257182.36842105,3577,29.407419097654227,48.29683930212782,20.91599731537499
2018-10-10,422,2018-10-10,31.0,49.9,17.75,14.45,1161555.0,-1257180.0,3577,28.901138189743932,49.49129485743541,20.25937086648858
2018-10-18,423,2018-10-18,32.9,47.2,18.75,13.65,1161555.0,-1257180.0,3577,27.272785682077668,51.565469596389065,20.001955681054863
2018-10-26,424,2018-10-26,35.35,49.5,13.95,12.45,1161555.0,-1257180.0,3577,27.699568488646964,51.82556758052969,19.406472629534747
2018-11-03,425,2018-11-03,15.0,56.0,28.0,18.0,1161615.0,-1257210.0,3577,31.5262668088839,50.95842743969732,16.233370087082832
2018-11-11,426,2018-11-11,34.0,56.0,8.83333333333333,13.3333333333333,1161585.0,-1257150.0,3577,33.61669072060455,49.23150041256686,15.864678407245695
2018-11-19,427,2018-11-19,39.65,42.8,16.1,10.9,1161555.0,-1257180.0,3577,37.557467878376386,47.90480557408308,13.24465812824748
2018-12-20,428,2018-12-20,40.85,42.35,15.55,9.8,1161555.0,-1257180.0,3577,40.87192512554455,46.034807021226726,11.844258682492207
2019-01-06,429,2019-01-06,56.1428571428571,39.9285714285714,2.07142857142857,16.8571428571429,1161565.71428571,-1257173.57142857,3577,45.49409986297851,43.307699575959354,9.916489444506539
2019-01-14,430,2019-01-14,49.95,44.55,4.1,15.45,1161555.0,-1257180.0,3577,49.7520151674876,40.23978946749243,8.694451369063072
2019-02-15,431,2019-02-15,40.0,42.0,18.0,20.0,1161495.0,-1257225.0,3577,53.9293690829214,37.42890051124785,7.225159979338464
2019-03-02,432,2019-03-02,55.05,35.7,7.25,14.75,1161555.0,-1257180.0,3577,54.9310015062255,35.94944761120694,7.644416007108361
2019-03-27,433,2019-03-27,61.25,33.9,2.95,16.5,1161555.0,-1257180.0,3577,57.13373700601949,36.44874398047228,4.894549877366483
2019-04-12,434,2019-04-12,61.5,30.85,5.75,15.5,1161555.0,-1257180.0,3577,57.97879860077136,34.93815920920662,5.42799831747119
2019-04-20,435,2019-04-20,58.85,35.65,4.0,15.25,1161555.0,-1257180.0,3577,56.668254964840926,35.30099776384079,6.392554813606491
2019-05-06,436,2019-05-06,56.9,36.9,4.65,16.05,1161555.0,-1257180.0,3577,56.38422846502499,35.800739044232145,6.14344030582329
2019-05-14,437,2019-05-14,46.5,43.0,9.25,17.25,1161577.5,-1257180.0,3577,52.862054818238875,37.79447270994693,7.802733334775512
2019-06-07,438,2019-06-07,48.4,40.0,10.05,19.0,1161555.0,-1257180.0,3577,49.26386693800818,38.85407059400286,10.551531028309636
2019-07-01,439,2019-07-01,50.35,31.35,16.7,11.35,1161555.0,-1257180.0,3577,48.07815280693819,39.68284007014064,10.794451059774524
2019-07-16,440,2019-07-16,47.65,43.8,7.4,16.25,1161555.0,-1257180.0,3577,48.983070644518435,39.48897356512866,10.015248219271491
2019-07-17,441,2019-07-17,53.25,38.45,6.4,15.25,1161555.0,-1257180.0,3577,48.887815280687235,40.42201967278763,9.161668723432062
2019-09-18,442,2019-09-18,45.6,43.85,9.15,17.2,1161555.0,-1257180.0,3577,48.8720247244942,41.78944662148372,7.808495529237398
2019-10-05,443,2019-10-05,50.6,41.6,6.25,14.35,1161555.0,-1257180.0,3577,48.73117589324291,42.688170343581916,7.017050596461313
2019-10-13,444,2019-10-13,46.0,45.5333333333333,6.93333333333333,15.2,1161555.0,-1257165.0,3577,47.68172616856115,43.79634039850103,7.004460297183708
2019-10-20,445,2019-10-20,48.35,42.95,7.2,15.35,1161555.0,-1257180.0,3577,46.21762865616664,44.91331702352703,7.334798328605281
2019-10-21,446,2019-10-21,40.7,48.4,9.5,9.85,1161555.0,-1257180.0,3577,44.482028910195645,45.66538245036014,8.339747558941358
2019-11-06,447,2019-11-06,51.05,39.4,7.8,13.85,1161555.0,-1257180.0,3577,46.52066040254199,44.483249980147356,7.525287766927509
2019-11-30,448,2019-11-30,45.65,46.2,6.8,14.0,1161555.0,-1257180.0,3577,47.45182294484992,43.99309142868857,7.085142566410857
2019-12-07,449,2019-12-07,45.0666666666667,48.2,5.4,16.0666666666667,1161555.0,-1257195.0,3577,48.30257023677355,44.336694162384134,5.945942035260032
2019-12-08,450,2019-12-08,47.85,44.9,5.65,15.75,1161555.0,-1257180.0,3577,49.466710448127216,44.20302296601946,4.85270651261291
2019-12-23,451,2019-12-23,57.75,36.35,4.55,14.55,1161555.0,-1257180.0,3577,48.42060375124668,44.26752220946606,5.810896172969607
2019-12-24,452,2019-12-24,55.5,39.75,3.25,22.5,1161502.5,-1257195.0,3577,52.825119617217,42.837561612787404,2.8899885975733044
2020-01-01,453,2020-01-01,37.1666666666667,56.3333333333333,5.0,11.6666666666667,1161600.0,-1257195.0,3577,53.1940416308758,41.937706187854715,3.3640335240949417
2020-01-16,454,2020-01-16,59.6,34.15,4.4,19.25,1161555.0,-1257180.0,3577,52.316882446750796,39.61336140638953,6.43946466330271
2020-01-24,455,2020-01-24,52.3,36.7,9.5,14.65,1161555.0,-1257180.0,3577,53.161056384268264,37.70690640628157,7.443486544414224
2020-02-25,456,2020-02-25,60.2777777777778,34.2222222222222,4.22222222222222,18.7222222222222,1161548.33333333,-1257176.66666667,3577,54.26382880964114,36.86703459938202,7.259942362418055
2020-02-26,457,2020-02-26,61.6,33.2,3.4,17.9,1161555.0,-1257180.0,3577,55.2538656389967,33.943735160603154,9.237532024217948
2020-04-06,458,2020-04-06,32.0,35.0,31.0,18.3333333333333,1161615.0,-1257185.0,3577,56.5014518247406,30.800435800005502,11.293983235545014
2020-04-13,459,2020-04-13,68.05,28.75,2.15,19.35,1161555.0,-1257180.0,3577,56.49239215805709,29.480737537312088,12.651692833308594
2020-04-22,460,2020-04-22,69.0,29.6666666666667,0.333333333333333,20.6666666666667,1161585.0,-1257135.0,3577,56.15451063383661,29.30825421997585,13.215692589142634
2020-04-29,461,2020-04-29,45.95,30.6,22.35,16.5,1161555.0,-1257180.0,3577,58.251674190094285,28.01515395079219,12.370985425821043
2020-06-01,462,2020-06-01,56.0,22.0,20.1666666666667,12.3333333333333,1161515.0,-1257155.0,3577,57.54663162344191,29.517523803161815,11.588234001119273
2020-06-16,463,2020-06-16,60.45,34.7,3.5,16.55,1161555.0,-1257180.0,3577,58.07276525073645,31.679544732868173,8.865323002589488
2020-07-03,464,2020-07-03,59.4,33.45,5.35,16.2,1161555.0,-1257180.0,3577,56.151966858382615,34.66879214266467,7.620776170852437
2020-08-03,465,2020-08-03,53.625,39.3125,5.875,20.0625,1161564.375,-1257185.625,3577,50.75955674871325,38.04105053872287,9.54953289744169
2020-08-04,466,2020-08-04,46.3125,45.625,6.3125,17.5,1161564.375,-1257189.375,3577,52.96268655234583,41.41147035368552,4.006305523681085
2020-08-20,467,2020-08-20,52.15,39.1,7.3,18.8,1161555.0,-1257180.0,3577,53.899411596307566,41.9167337521377,2.698203696887502
2020-09-05,468,2020-09-05,52.5,41.7,4.1,14.7,1161555.0,-1257180.0,3577,49.64417539374228,43.29550114487549,5.5932761639796595
2020-09-12,469,2020-09-12,46.0,43.8,8.7,16.5,1161555.0,-1257210.0,3577,48.46872106221227,41.121938665043984,8.952874911464905
2020-09-21,470,2020-09-21,52.1111111111111,43.8888888888889,2.77777777777778,23.8888888888889,1161521.66666667,-1257168.33333333,3577,46.52608070892979,44.72820563938316,7.220365397415406
2020-10-07,471,2020-10-07,50.9,43.0,4.6,14.15,1161555.0,-1257180.0,3577,45.01137527129195,44.145902746831055,9.384923211869017
2020-10-23,472,2020-10-23,33.3125,40.6875,24.6875,17.625,1161553.125,-1257170.625,3577,43.49409446603477,47.15908634165629,7.80472958617497
2020-10-30,473,2020-10-30,34.0,57.0,7.0,10.0,1161615.0,-1257135.0,3577,39.897327465677385,48.43071743018265,10.104789648005504
2020-11-07,474,2020-11-07,50.15,41.7,6.95,17.05,1161555.0,-1257180.0,3577,40.391031588035496,45.64421214817306,12.598697073116732
2020-11-24,475,2020-11-24,39.8571428571429,54.4285714285714,4.14285714285714,11.8571428571429,1161580.71428571,-1257203.57142857,3577,41.65588570287923,42.4708758360418,14.669817916994717
2020-12-08,476,2020-12-08,47.4285714285714,24.5714285714286,27.4285714285714,20.7142857142857,1161542.14285714,-1257173.57142857,3577,43.04027701449863,39.49659635328142,16.400375732524573
2020-12-10,477,2020-12-10,42.25,48.5,7.625,17.25,1161596.25,-1257187.5,3577,47.34438773096815,36.29618221452655,15.449072233640965
2021-02-26,478,2021-02-26,47.9473684210526,18.1052631578947,34.2105263157895,16.5263157894737,1161558.15789474,-1257177.63157895,3577,52.20766282944091,31.87038914229247,15.041024864637572
2021-03-07,479,2021-03-07,65.15,33.1,0.5,16.8,1161555.0,-1257180.0,3577,57.5601993960817,30.52139582960171,10.943422620097294
2021-03-23,480,2021-03-23,52.625,39.125,6.5,17.875,1161596.25,-1257191.25,3577,61.653793730837634,32.244569746418435,4.895320386255788
2021-04-15,481,2021-04-15,65.0,32.2,1.5,20.2,1161555.0,-1257210.0,3577,63.0261446450003,32.15705722001884,3.4099303114818715
2021-05-01,482,2021-05-01,69.8,28.35,0.6,21.05,1161555.0,-1257180.0,3577,60.07004426781923,32.97506689714116,5.412486431334413
2021-06-04,483,2021-06-04,59.9,32.7,5.65,19.55,1161555.0,-1257180.0,3577,56.788218832649804,32.555942570541745,9.13099482397863
2021-06-20,484,2021-06-20,48.7222222222222,40.8888888888889,8.77777777777778,21.5555555555556,1161553.33333333,-1257185.0,3577,51.77064984649757,34.78247526783344,11.878298410710677
2021-07-20,485,2021-07-20,32.8333333333333,27.3333333333333,38.5,8.83333333333333,1161595.0,-1257200.0,3577,47.102571974485244,33.119919919030984,18.462739590535428
2021-07-22,486,2021-07-22,47.35,33.1,18.2,12.85,1161555.0,-1257180.0,3577,46.441462613746694,35.03223855607232,17.11498805631677
2021-08-05,487,2021-08-05,54.25,39.45,5.2,15.5,1161555.0,-1257180.0,3577,44.27311703603611,37.196529536849056,17.06674977928593
2021-08-07,488,2021-08-07,48.45,42.8,6.95,16.55,1161555.0,-1257180.0,3577,46.19628158218799,36.28324745429467,16.03214798617036
2021-09-06,489,2021-09-06,45.5,31.7,21.3,13.0,1161555.0,-1257210.0,3577,50.60840712434384,37.78591102739145,10.057044847136222
2021-09-15,490,2021-09-15,48.1,42.3,8.05,15.55,1161555.0,-1257180.0,3577,50.9797858316358,40.68602396914483,6.759137216411747
2021-10-10,491,2021-10-10,52.5,41.5,4.25,15.45,1161555.0,-1257180.0,3577,48.532109015847894,44.80373934630231,5.17723844782591
2021-10-17,492,2021-10-17,40.65,43.9,14.3,18.9,1161555.0,-1257180.0,3577,43.23874479493029,45.78129773562526,9.637114416369943
2021-10-26,493,2021-10-26,49.6666666666667,47.0,2.0,23.6666666666667,1161505.0,-1257215.0,3577,40.80633015075131,46.63725165442735,11.384708841208694
2021-11-11,494,2021-11-11,38.1,58.3,2.75,13.4,1161555.0,-1257180.0,3577,38.587673317388926,47.319490880629324,13.077513044229363
2021-11-25,495,2021-11-25,26.6666666666667,39.5555555555556,32.8888888888889,14.0,1161515.0,-1257175.0,3577,38.76673290589122,44.43274427670049,15.738821532782028
2022-01-12,496,2022-01-12,42.9,40.15,15.65,15.15,1161555.0,-1257180.0,3577,40.342010227559044,40.026235594284046,18.4729379061517
2022-01-28,497,2022-01-28,43.95,31.9,22.8,15.25,1161555.0,-1257180.0,3577,44.54140518109219,37.44444865329103,16.679627430847034
2022-02-15,498,2022-02-15,54.55,36.15,7.85,15.0,1161555.0,-1257180.0,3577,49.824295597393906,34.822712097702826,13.809089003620102
2022-03-03,499,2022-03-03,55.95,34.25,7.95,15.15,1161555.0,-1257180.0,3577,54.4946312662868,33.10103494082958,10.716283021740114
2022-04-04,500,2022-04-04,62.2,29.85,6.0,15.7,1161555.0,-1257180.0,3577,59.362001506713185,32.976763041960986,5.825529014464106
2022-04-12,501,2022-04-12,53.2142857142857,41.0714285714286,4.0,17.5714285714286,1161567.85714286,-1257167.14285714,3577,62.34958186400142,32.90282435956541,2.8725903385260345
2022-04-28,502,2022-04-28,63.45,30.9,3.9,17.6,1161555.0,-1257180.0,3577,61.88037253604196,31.761835340256546,4.477328922773911
2022-05-06,503,2022-05-06,61.1578947368421,29.6842105263158,7.21052631578947,16.8947368421053,1161558.15789474,-1257179.21052632,3577,60.7363177884433,32.649624052006345,4.7533601643583125
2022-05-14,504,2022-05-14,61.9,31.05,5.15,18.75,1161555.0,-1257180.0,3577,57.49466096362966,33.881418449707056,6.81356574158848
2022-05-30,505,2022-05-30,56.45,35.55,6.25,17.7,1161555.0,-1257180.0,3577,54.664094141292786,36.33465647185015,7.269846561365608
2022-07-09,506,2022-07-09,52.4,38.9,7.05,17.35,1161555.0,-1257180.0,3577,51.96438790518259,39.32673338777896,7.0174157903945735
2022-07-25,507,2022-07-25,38.4545454545455,49.2727272727273,10.7272727272727,21.2727272727273,1161576.81818182,-1257181.36363636,3577,48.74924851689275,40.84708483333201,8.78509293674774
2022-08-18,508,2022-08-18,48.65,42.3,7.45,15.7,1161555.0,-1257180.0,3577,47.64059840527473,43.229141890848624,7.531893629649502
2022-09-19,509,2022-09-19,51.15,42.75,4.5,14.65,1161555.0,-1257180.0,3577,47.52920912623681,44.9689895978508,5.909757490289104
2022-10-29,510,2022-10-29,49.15,42.5,6.9,16.1,1161555.0,-1257180.0,3577,48.11497979521745,45.45889054622877,4.835307126189563
2022-11-14,511,2022-11-14,47.6,43.25,7.5,14.95,1161555.0,-1257180.0,3577,48.85047563181938,43.977493748340294,5.591163397734459
2022-11-22,512,2022-11-22,45.9,37.35,15.2,11.8,1161555.0,-1257180.0,3577,48.94092795981675,39.68983463701674,9.825945418169166
2022-12-08,513,2022-12-08,52.4736842105263,39.0,6.94736842105263,16.3157894736842,1161551.84210526,-1257177.63157895,3577,47.344234207155296,31.647335065563077,19.554270553600823
2023-01-09,514,2023-01-09,40.6,15.6,42.6,21.2,1161501.0,-1257171.0,3577,42.77095790595236,18.787803307757954,37.15675442299854
