"","Other_Veg","Grass","Shrub","Tree","site_unique","vegetation_type","site_location_name"
"1","0.792079207920792",4.15841584158416,1.88118811881188,33.5643564356436,"NSABBS0001-58580","Grass","NSABBS0001"
"2","1.38613861386139",5.34653465346535,18.9108910891089,25.7425742574257,"NSABBS0002-58555","Grass","NSABBS0002"
"3","0",0,12.1782178217822,40,"NSABBS0003-58581","Tree","NSABBS0003"
"4","0",0.099009900990099,2.37623762376238,60.3960396039604,"NSABBS0004-58556","Tree","NSABBS0004"
"5","0",0,10.1980198019802,50.6930693069307,"NSABBS0005-58582","Tree","NSABBS0005"
"6","0",0.198019801980198,5.34653465346535,59.4059405940594,"NSABBS0006-58557","Tree","NSABBS0006"
"7","0",10.2868447082097,16.2215628090999,0,"NSABHC0001-53596","Shrub","NSABHC0001"
"8","0",17.9207920792079,12.1782178217822,0,"NSABHC0002-53597","Grass","NSABHC0002"
"9","0",1.86274509803922,23.4313725490196,0,"NSABHC0003-53598","Shrub","NSABHC0003"
"10","0",22.7722772277228,13.960396039604,0,"NSABHC0004-53599","Grass","NSABHC0004"
"11","0",40.1980198019802,6.73267326732673,0,"NSABHC0005-53600","Shrub","NSABHC0005"
"12","0",32.8712871287129,17.6237623762376,0,"NSABHC0006-53601","Grass","NSABHC0006"
"13","0",20.8910891089109,20.8910891089109,0,"NSABHC0007-53602","Shrub","NSABHC0007"
"14","0",14.4117647058824,17.9411764705882,0,"NSABHC0008-53603","Shrub","NSABHC0008"
"15","0",23.0693069306931,18.4158415841584,0,"NSABHC0009-53604","Grass","NSABHC0009"
"16","0",24.6534653465347,19.5049504950495,0.396039603960396,"NSABHC0009-58026","Grass","NSABHC0009"
"17","0",5.83580613254204,9.00098911968348,0,"NSABHC0010-53605","Shrub","NSABHC0010"
"18","0",15.3921568627451,18.6274509803922,0,"NSABHC0011-53606","Shrub","NSABHC0011"
"19","0",22.156862745098,10.7843137254902,0,"NSABHC0012-53607","Grass","NSABHC0012"
"20","0",19.8019801980198,19.3069306930693,0,"NSABHC0012-58022","Grass","NSABHC0012"
"21","0",14.7233201581028,7.11462450592885,0,"NSABHC0013-53608","Shrub","NSABHC0013"
"22","0",16.7647058823529,9.01960784313725,0,"NSABHC0014-53609","Shrub","NSABHC0014"
"23","0",28.9108910891089,16.4356435643564,0,"NSABHC0015-57104","Grass","NSABHC0015"
"24","0",3.06930693069307,8.21782178217822,0,"NSABHC0016-57105","Shrub","NSABHC0016"
"25","0",18.4158415841584,3.76237623762376,0,"NSABHC0017-57106","Shrub","NSABHC0017"
"26","0",16.9306930693069,8.91089108910891,0,"NSABHC0018-57077","Shrub","NSABHC0018"
"27","0",24.950495049505,10.990099009901,0,"NSABHC0019-57078","Grass","NSABHC0019"
"28","0",25.5445544554455,5.44554455445545,0,"NSABHC0020-57599","Shrub","NSABHC0020"
"29","0.099009900990099",20.2970297029703,1.58415841584158,0,"NSABHC0021-57098","Grass","NSABHC0021"
"30","0",2.57425742574257,10.8910891089109,0,"NSABHC0022-57086","Grass","NSABHC0022"
"31","0.099009900990099",12.8712871287129,4.95049504950495,0,"NSABHC0023-57099","Shrub","NSABHC0023"
"32","0",19.2079207920792,2.87128712871287,0,"NSABHC0024-57100","Shrub","NSABHC0024"
"33","0",21.4851485148515,1.78217821782178,0,"NSABHC0025-57101","Grass","NSABHC0025"
"34","0",22.1782178217822,7.22772277227723,0,"NSABHC0026-57102","Shrub","NSABHC0026"
"35","0",2.67326732673267,4.95049504950495,9.8019801980198,"NSABHC0028-58027","Tree","NSABHC0028"
"36","0",4.25742574257426,0.693069306930693,68.019801980198,"NSABHC0029-58028","Tree","NSABHC0029"
"37","0",0.891089108910891,5.34653465346535,0,"NSACHC0001-58574","Shrub","NSACHC0001"
"38","0",1.08910891089109,8.71287128712871,14.9504950495049,"NSACHC0002-58558","Shrub","NSACHC0002"
"39","0",0.891089108910891,5.24752475247525,15.7425742574257,"NSACHC0003-58575","Shrub","NSACHC0003"
"40","0",0.396039603960396,23.1683168316832,0.891089108910891,"NSACHC0004-58576","Shrub","NSACHC0004"
"41","0",1.08910891089109,0,12.1782178217822,"NSACOP0001-58551","Tree","NSACOP0001"
"42","0",0.198019801980198,0.198019801980198,30.0990099009901,"NSACOP0002-58552","Tree","NSACOP0002"
"43","0.099009900990099",37.1287128712871,9.00990099009901,0,"NSAMDD0001-56965","Shrub","NSAMDD0001"
"44","0",11.2871287128713,1.68316831683168,42.6732673267327,"NSAMDD0002-56952","Tree","NSAMDD0002"
"45","0",2.77227722772277,50.8910891089109,0.594059405940594,"NSAMDD0003-56968","Shrub","NSAMDD0003"
"46","0",10.8910891089109,16.6336633663366,10.5940594059406,"NSAMDD0004-56953","Shrub","NSAMDD0004"
"47","0",3.06930693069307,4.15841584158416,24.6534653465347,"NSAMDD0005-56969","Shrub","NSAMDD0005"
"48","0",1.18811881188119,23.5643564356436,11.7821782178218,"NSAMDD0006-56954","Shrub","NSAMDD0006"
"49","0",6.43564356435644,19.2079207920792,13.6633663366337,"NSAMDD0007-56970","Grass","NSAMDD0007"
"50","0",0.594059405940594,28.019801980198,2.87128712871287,"NSAMDD0008-56955","Shrub","NSAMDD0008"
"51","0.297029702970297",0,2.37623762376238,29.9009900990099,"NSAMDD0009-56971","Tree","NSAMDD0009"
"52","0",30.3960396039604,22.6732673267327,0.297029702970297,"NSAMDD0010-56956","Grass","NSAMDD0010"
"53","0",11.4851485148515,1.18811881188119,15.049504950495,"NSAMDD0011-56981","Tree","NSAMDD0011"
"54","0",0,7.52475247524752,0,"NSAMDD0012-56957","Shrub","NSAMDD0012"
"55","0",9.40594059405941,11.1881188118812,11.4851485148515,"NSAMDD0013-56982","Grass","NSAMDD0013"
"56","0",24.7524752475248,2.27722772277228,23.7623762376238,"NSAMDD0014-56963","Grass","NSAMDD0014"
"57","0",0,5.44554455445545,24.6534653465347,"NSAMDD0015-57636","Shrub","NSAMDD0015"
"58","0",25.7425742574257,10.6930693069307,0,"NSAMDD0016-56973","Grass","NSAMDD0016"
"59","0.099009900990099",1.18811881188119,6.43564356435644,22.6732673267327,"NSAMDD0017-57080","Shrub","NSAMDD0017"
"60","0",0.693069306930693,16.5346534653465,29.6039603960396,"NSAMDD0018-56976","Tree","NSAMDD0018"
"61","0",33.2673267326733,0.297029702970297,0.99009900990099,"NSAMDD0019-57081","Grass","NSAMDD0019"
"62","0",7.82178217821782,3.16831683168317,25.9405940594059,"NSAMDD0020-56984","Grass","NSAMDD0020"
"63","0",15.049504950495,3.36633663366337,10.5940594059406,"NSAMDD0021-57082","Shrub","NSAMDD0021"
"64","0",0.203252032520325,42.479674796748,17.5813008130081,"NSAMDD0022-56985","Shrub","NSAMDD0022"
"65","0",18.019801980198,7.22772277227723,12.970297029703,"NSAMDD0023-57083","Shrub","NSAMDD0023"
"66","0",9.7029702970297,23.8613861386139,0.99009900990099,"NSAMDD0024-56986","Grass","NSAMDD0024"
"67","0",7.82178217821782,2.27722772277228,16.039603960396,"NSAMDD0025-57084","Grass","NSAMDD0025"
"68","0",15.8415841584158,7.52475247524752,0,"NSAMDD0026-56987","Shrub","NSAMDD0026"
"69","0.198019801980198",0.693069306930693,2.37623762376238,29.1089108910891,"NSAMDD0027-57087","Tree","NSAMDD0027"
"70","0",1.38613861386139,25.9405940594059,0,"NSAMDD0028-56988","Shrub","NSAMDD0028"
"71","0",10.3960396039604,15.6435643564356,0,"NSAMDD0029-57088","Shrub","NSAMDD0029"
"72","0",2.27722772277228,8.51485148514852,18.019801980198,"NSAMDD0030-56989","Shrub","NSAMDD0030"
"73","0",0.495049504950495,19.6039603960396,11.6831683168317,"NSAMDD0031-58572","Shrub","NSAMDD0031"
"74","0",3.46534653465347,2.37623762376238,31.4851485148515,"NSAMDD0032-58573","Tree","NSAMDD0032"
"75","0",0,23.960396039604,0.297029702970297,"NSAMUL0001-58549","Shrub","NSAMUL0001"
"76","0",1.78217821782178,15.5445544554455,19.2079207920792,"NSAMUL0002-58559","Tree","NSAMUL0002"
"77","1.68316831683168",0.396039603960396,6.23762376237624,16.3366336633663,"NSAMUL0003-58550","Shrub","NSAMUL0003"
"78","0.099009900990099",0.198019801980198,0.396039603960396,40.8910891089109,"NSAMUL0004-58560","Tree","NSAMUL0004"
"79","0",14.8514851485149,2.57425742574257,61.8811881188119,"NSANAN0001-58583","Tree","NSANAN0001"
"80","0",2.97029702970297,1.58415841584158,46.8316831683168,"NSANAN0002-58561","Tree","NSANAN0002"
"81","0",3.86138613861386,11.1881188118812,44.7524752475248,"NSANET0001-58584","Tree","NSANET0001"
"82","2.77227722772277",13.1683168316832,0,64.4554455445545,"NSANET0002-58710","Tree","NSANET0002"
"83","0.099009900990099",3.86138613861386,2.77227722772277,65.3465346534654,"NSANET0003-58725","Tree","NSANET0003"
"84","0.198019801980198",8.21782178217822,0.396039603960396,55.7425742574257,"NSANET0004-58706","Grass","NSANET0004"
"85","0.198019801980198",12.970297029703,0.693069306930693,58.4158415841584,"NSANSS0001-58579","Tree","NSANSS0001"
"86","0",2.17821782178218,1.78217821782178,57.8217821782178,"NSANSS0002-58562","Tree","NSANSS0002"
"87","0",3.7037037037037,2.77777777777778,50.9259259259259,"NSTNSS0001-57641","Tree","NSTNSS0001"
"88","0.099009900990099",6.63366336633663,37.9207920792079,38.9108910891089,"NSTSYB0001-58122","Grass","NSTSYB0001"
"89","0",3.06930693069307,21.7821782178218,64.4554455445545,"NSTSYB0002-58008","Tree","NSTSYB0002"
"90","0.099009900990099",2.47524752475248,25.7425742574257,57.1287128712871,"NSTSYB0003-58414","Tree","NSTSYB0003"
"91","0.297029702970297",4.05940594059406,13.6633663366337,71.2871287128713,"NSTSYB0004-58493","Tree","NSTSYB0004"
"92","0.099009900990099",9.9009900990099,24.2574257425743,49.2079207920792,"NSTSYB0005-58501","Grass","NSTSYB0005"
"93","1.98019801980198",1.08910891089109,17.4257425742574,55.2475247524753,"NSTSYB0006-58502","Tree","NSTSYB0006"
"94","0.297029702970297",16.5346534653465,8.71287128712871,56.2376237623762,"NSTSYB0007-58496","Shrub","NSTSYB0007"
"95","0",13.6633663366337,1.18811881188119,55.3465346534654,"NSTSYB0008-58503","Tree","NSTSYB0008"
"96","0.099009900990099",16.9306930693069,35.3465346534653,26.7326732673267,"NSTSYB0009-57649","Shrub","NSTSYB0009"
"97","0",21.2871287128713,3.06930693069307,44.7524752475248,"NTAARP0001-58422","Tree","NTAARP0001"
"98","0",21.5841584158416,5.14851485148515,23.6633663366337,"NTAARP0002-58423","Shrub","NTAARP0002"
"99","0",6.33663366336634,3.46534653465347,19.4059405940594,"NTAARP0003-58424","Grass","NTAARP0003"
"100","0",13.0693069306931,11.3861386138614,27.029702970297,"NTAARP0004-58918","Tree","NTAARP0004"
"101","0",41.5841584158416,16.8316831683168,26.1386138613861,"NTAARP0004-58932","Grass","NTAARP0004"
"102","0",24.7524752475248,18.1188118811881,32.7722772277228,"NTAARP0005-58919","Tree","NTAARP0005"
"103","0",17.5247524752475,10.990099009901,48.1188118811881,"NTAARP0005-58933","Tree","NTAARP0005"
"104","0",9.20792079207921,40.5940594059406,0,"NTABRT0001-53616","Grass","NTABRT0001"
"105","0",17.2277227722772,12.6732673267327,16.7326732673267,"NTABRT0001-58861","Grass","NTABRT0001"
"106","0.396039603960396",2.87128712871287,55.7425742574257,0.198019801980198,"NTABRT0002-53617","Shrub","NTABRT0002"
"107","0",17.7227722772277,10.6930693069307,23.7623762376238,"NTABRT0002-58862","Tree","NTABRT0002"
"108","0.099009900990099",15.2475247524752,38.4158415841584,0.297029702970297,"NTABRT0003-53618","Shrub","NTABRT0003"
"109","0",30.0990099009901,1.18811881188119,22.0792079207921,"NTABRT0003-58872","Grass","NTABRT0003"
"110","0",14.1724479682854,30.8225966303271,0,"NTABRT0004-53619","Shrub","NTABRT0004"
"111","0",15.1485148514851,28.6138613861386,0,"NTABRT0004-58873","Shrub","NTABRT0004"
"112","0",40.4950495049505,2.97029702970297,0.396039603960396,"NTABRT0005-53620","Grass","NTABRT0005"
"113","0",30.1980198019802,0.297029702970297,1.88118811881188,"NTABRT0005-58863","Grass","NTABRT0005"
"114","0",9.10891089108911,32.1782178217822,0.594059405940594,"NTABRT0006-53621","Grass","NTABRT0006"
"115","0",23.3663366336634,32.970297029703,1.48514851485149,"NTABRT0006-58864","Shrub","NTABRT0006"
"116","0",35.7425742574257,0.99009900990099,0.297029702970297,"NTABRT0007-58865","Grass","NTABRT0007"
"117","0",8.81188118811881,17.029702970297,0,"NTABRT0008-58866","Grass","NTABRT0008"
"118","0",50.8910891089109,11.1881188118812,29.6039603960396,"NTADAC0001-53518","Grass","NTADAC0001"
"119","0",24.0594059405941,15.7425742574257,26.6336633663366,"NTADAC0002-58039","Tree","NTADAC0002"
"120","0",20.2970297029703,4.35643564356436,0.099009900990099,"NTADMR0001-58868","Shrub","NTADMR0001"
"121","0",23.8613861386139,2.87128712871287,0.396039603960396,"NTADMR0002-58869","Grass","NTADMR0002"
"122","0",20.6930693069307,1.38613861386139,0.297029702970297,"NTAFIN0001-53519","Grass","NTAFIN0001"
"123","0",10.0990099009901,2.17821782178218,0.198019801980198,"NTAFIN0001-58009","Shrub","NTAFIN0001"
"124","0",15.5445544554455,1.98019801980198,0,"NTAFIN0001-58735","Grass","NTAFIN0001"
"125","0",51.6288252714709,4.44225074037512,19.64461994077,"NTAFIN0002-53622","Grass","NTAFIN0002"
"126","0",21.4851485148515,17.1287128712871,8.31683168316832,"NTAFIN0002-58018","Tree","NTAFIN0002"
"127","0",16.8316831683168,16.6336633663366,11.980198019802,"NTAFIN0002-58787","Grass","NTAFIN0002"
"128","0",7.02970297029703,0.891089108910891,13.3663366336634,"NTAFIN0003-53623","Grass","NTAFIN0003"
"129","0",4.75247524752475,3.66336633663366,14.1584158415842,"NTAFIN0003-58017","Grass","NTAFIN0003"
"130","0",11.980198019802,5.74257425742574,12.4752475247525,"NTAFIN0003-58788","Shrub","NTAFIN0003"
"131","0.297029702970297",24.8514851485149,35.049504950495,0,"NTAFIN0004-53624","Shrub","NTAFIN0004"
"132","0",0.693069306930693,30.7920792079208,10.2970297029703,"NTAFIN0004-58010","Shrub","NTAFIN0004"
"133","0.297029702970297",0.693069306930693,34.7524752475247,8.01980198019802,"NTAFIN0004-58789","Tree","NTAFIN0004"
"134","0",26.8849206349206,12.1031746031746,0.396825396825397,"NTAFIN0005-53625","Grass","NTAFIN0005"
"135","0",3.46534653465347,9.00990099009901,3.76237623762376,"NTAFIN0005-58011","Shrub","NTAFIN0005"
"136","0",3.26732673267327,10.8910891089109,3.76237623762376,"NTAFIN0005-58736","Tree","NTAFIN0005"
"137","0",1.38613861386139,0.693069306930693,0,"NTAFIN0006-53626","Grass","NTAFIN0006"
"138","0",10.6930693069307,1.68316831683168,0.099009900990099,"NTAFIN0006-58012","Grass","NTAFIN0006"
"139","0",23.5643564356436,2.47524752475248,0.396039603960396,"NTAFIN0006-58737","Grass","NTAFIN0006"
"140","0",7.02970297029703,2.07920792079208,0,"NTAFIN0007-53627","Grass","NTAFIN0007"
"141","0",14.4554455445545,2.17821782178218,0,"NTAFIN0007-58013","Shrub","NTAFIN0007"
"142","0",10,6.93069306930693,0.297029702970297,"NTAFIN0007-58715","Shrub","NTAFIN0007"
"143","0",4.25742574257426,1.18811881188119,0,"NTAFIN0008-53628","Grass","NTAFIN0008"
"144","0",40.6930693069307,3.06930693069307,0,"NTAFIN0008-58014","Grass","NTAFIN0008"
"145","0",41.1881188118812,3.66336633663366,0,"NTAFIN0008-58790","Grass","NTAFIN0008"
"146","0",3.26732673267327,10.1980198019802,0.99009900990099,"NTAFIN0009-53629","Grass","NTAFIN0009"
"147","0",11.0891089108911,16.1386138613861,2.47524752475248,"NTAFIN0009-58015","Tree","NTAFIN0009"
"148","0",13.6633663366337,15.8415841584158,4.65346534653465,"NTAFIN0009-58738","Tree","NTAFIN0009"
"149","0",7.52475247524752,2.57425742574257,0,"NTAFIN0010-53630","Grass","NTAFIN0010"
"150","0",22.6732673267327,6.73267326732673,0,"NTAFIN0010-58016","Shrub","NTAFIN0010"
"151","0",20.8910891089109,7.02970297029703,0.297029702970297,"NTAFIN0010-58786","Shrub","NTAFIN0010"
"152","0",43.1683168316832,15.049504950495,0.99009900990099,"NTAFIN0011-53631","Grass","NTAFIN0011"
"153","0",16.1646586345382,16.566265060241,1.90763052208835,"NTAFIN0011-58019","Shrub","NTAFIN0011"
"154","0",9.5049504950495,18.5148514851485,0.792079207920792,"NTAFIN0011-58739","Grass","NTAFIN0011"
"155","0",39.4059405940594,6.23762376237624,0,"NTAFIN0012-53632","Shrub","NTAFIN0012"
"156","0",5.04950495049505,8.11881188118812,23.8613861386139,"NTAFIN0013-53633","Shrub","NTAFIN0013"
"157","0",34.5544554455446,2.07920792079208,6.73267326732673,"NTAFIN0014-53634","Tree","NTAFIN0014"
"158","0",5.84158415841584,2.47524752475248,31.0891089108911,"NTAFIN0015-53635","Grass","NTAFIN0015"
"159","0",25.6435643564356,3.96039603960396,0,"NTAFIN0016-53636","Shrub","NTAFIN0016"
"160","0",20.4950495049505,0,12.1782178217822,"NTAFIN0017-53637","Grass","NTAFIN0017"
"161","0",8.61386138613861,23.2673267326733,0.099009900990099,"NTAFIN0018-53638","Grass","NTAFIN0018"
"162","0",36.4356435643564,3.16831683168317,11.1881188118812,"NTAFIN0019-53639","Grass","NTAFIN0019"
"163","0",41.8811881188119,0.198019801980198,7.42574257425743,"NTAFIN0020-53640","Tree","NTAFIN0020"
"164","0",7.82178217821782,4.35643564356436,0,"NTAFIN0021-53641","Grass","NTAFIN0021"
"165","0",8.51485148514852,16.7326732673267,0,"NTAFIN0022-53642","Grass","NTAFIN0022"
"166","0",24.3564356435644,5.44554455445545,10.0990099009901,"NTAFIN0023-53643","Shrub","NTAFIN0023"
"167","0",0.99009900990099,10.4950495049505,12.8712871287129,"NTAFIN0024-53644","Tree","NTAFIN0024"
"168","0",19.6039603960396,13.960396039604,0,"NTAFIN0025-53645","Grass","NTAFIN0025"
"169","0",23.6633663366337,20.0990099009901,0.198019801980198,"NTAFIN0026-53646","Grass","NTAFIN0026"
"170","0",42.0792079207921,0.693069306930693,0,"NTAFIN0027-53647","Grass","NTAFIN0027"
"171","0",7.22772277227723,7.52475247524752,0,"NTAFIN0028-53746","Shrub","NTAFIN0028"
"172","0",20.7920792079208,2.27722772277228,0,"NTAFIN0029-53747","Grass","NTAFIN0029"
"173","0",5.94059405940594,41.5841584158416,0,"NTAFIN0030-53748","Grass","NTAFIN0030"
"174","0",4.25742574257426,13.3663366336634,0,"NTAFIN0031-53749","Grass","NTAFIN0031"
"175","0",21.2871287128713,22.970297029703,0,"NTAFIN0032-53750","Shrub","NTAFIN0032"
"176","0",22.3762376237624,13.1683168316832,2.67326732673267,"NTAFIN0033-53751","Grass","NTAFIN0033"
"177","0",36.4356435643564,8.81188118811881,6.63366336633663,"NTAGFU0001-53648","Shrub","NTAGFU0001"
"178","0",36.2376237623762,1.78217821782178,9.40594059405941,"NTAGFU0002-53649","Tree","NTAGFU0002"
"179","0",21.7821782178218,0.297029702970297,24.2574257425743,"NTAGFU0003-53650","Tree","NTAGFU0003"
"180","0",26.3366336633663,2.67326732673267,0.396039603960396,"NTAGFU0004-53651","Grass","NTAGFU0004"
"181","0",29.009900990099,14.4554455445545,13.960396039604,"NTAGFU0005-53652","Grass","NTAGFU0005"
"182","0",64.8514851485149,2.47524752475248,6.33663366336634,"NTAGFU0006-53653","Grass","NTAGFU0006"
"183","0",39.8019801980198,4.35643564356436,0,"NTAGFU0007-53654","Shrub","NTAGFU0007"
"184","0",34.6534653465347,0.099009900990099,1.88118811881188,"NTAGFU0008-53655","Grass","NTAGFU0008"
"185","0",26.9306930693069,7.72277227722772,12.8712871287129,"NTAGFU0009-53656","Shrub","NTAGFU0009"
"186","0.099009900990099",33.960396039604,0,18.7128712871287,"NTAGFU0010-53657","Grass","NTAGFU0010"
"187","0",39.7029702970297,13.2673267326733,8.61386138613861,"NTAGFU0011-53658","Tree","NTAGFU0011"
"188","0",29.3069306930693,1.48514851485149,17.9207920792079,"NTAGFU0012-53659","Grass","NTAGFU0012"
"189","0",35.8415841584158,25.2475247524752,2.17821782178218,"NTAGFU0013-53660","Grass","NTAGFU0013"
"190","0",20,1.48514851485149,13.1683168316832,"NTAGFU0014-53661","Grass","NTAGFU0014"
"191","0",40.5940594059406,9.7029702970297,8.81188118811881,"NTAGFU0015-53662","Shrub","NTAGFU0015"
"192","0",35.7779980178394,18.7314172447968,0.792864222001982,"NTAGFU0016-53663","Grass","NTAGFU0016"
"193","0",37.9207920792079,28.6138613861386,4.55445544554455,"NTAGFU0017-53664","Tree","NTAGFU0017"
"194","0",22.5742574257426,0,37.7227722772277,"NTAGFU0018-53665","Tree","NTAGFU0018"
"195","0",39.4059405940594,8.61386138613861,11.5841584158416,"NTAGFU0019-53666","Shrub","NTAGFU0019"
"196","0",39.1089108910891,35.3465346534653,0.792079207920792,"NTAGFU0020-53667","Grass","NTAGFU0020"
"197","0",25.7425742574257,23.8613861386139,5.94059405940594,"NTAGFU0021-53668","Tree","NTAGFU0021"
"198","0",32.5742574257426,0.099009900990099,13.3663366336634,"NTAGFU0022-53669","Grass","NTAGFU0022"
"199","0",19.1089108910891,43.8613861386139,0.891089108910891,"NTAGFU0023-53670","Shrub","NTAGFU0023"
"200","0",29.8019801980198,13.1683168316832,4.55445544554455,"NTAGFU0024-53671","Tree","NTAGFU0024"
"201","0",23.4653465346535,53.960396039604,0.396039603960396,"NTAGFU0025-53672","Shrub","NTAGFU0025"
"202","0",47.6237623762376,1.88118811881188,17.1287128712871,"NTAGFU0026-53673","Grass","NTAGFU0026"
"203","0",29.5049504950495,17.4257425742574,8.01980198019802,"NTAGFU0027-53674","Tree","NTAGFU0027"
"204","0",29.7029702970297,8.71287128712871,13.2673267326733,"NTAGFU0028-53675","Shrub","NTAGFU0028"
"205","0",54.3564356435644,1.58415841584158,12.4752475247525,"NTAGFU0029-53676","Grass","NTAGFU0029"
"206","0.099009900990099",16.5346534653465,2.17821782178218,48.8118811881188,"NTAGFU0030-53677","Tree","NTAGFU0030"
"207","0",21.0891089108911,29.2079207920792,1.98019801980198,"NTAGFU0031-53678","Shrub","NTAGFU0031"
"208","0",30.0990099009901,15.6435643564356,0.198019801980198,"NTAGFU0032-53679","Grass","NTAGFU0032"
"209","0",1.98019801980198,1.18811881188119,68.8118811881188,"NTAGFU0033-53680","Tree","NTAGFU0033"
"210","0",8.61386138613861,14.8514851485149,20.0990099009901,"NTAGFU0034-53681","Grass","NTAGFU0034"
"211","0",18.5148514851485,4.55445544554455,18.4158415841584,"NTAGFU0035-53682","Shrub","NTAGFU0035"
"212","0",12.970297029703,1.38613861386139,41.0891089108911,"NTAGFU0036-53683","Tree","NTAGFU0036"
"213","0",35.6435643564356,12.8712871287129,17.6237623762376,"NTAGFU0037-53684","Grass","NTAGFU0037"
"214","0",12.5742574257426,2.27722772277228,49.9009900990099,"NTAGFU0038-53685","Tree","NTAGFU0038"
"215","0",58.3168316831683,4.15841584158416,10.5940594059406,"NTAGFU0039-53686","Grass","NTAGFU0039"
"216","0",15.4455445544554,35.049504950495,24.0594059405941,"NTAGFU0040-53687","Shrub","NTAGFU0040"
"217","0",45.8415841584158,2.77227722772277,23.6633663366337,"NTAGFU0041-58425","Grass","NTAGFU0041"
"218","0",28.019801980198,6.53465346534654,1.38613861386139,"NTAMAC0001-53574","Shrub","NTAMAC0001"
"219","0",21.8811881188119,19.2079207920792,1.38613861386139,"NTAMAC0001-58791","Grass","NTAMAC0001"
"220","0",4.95049504950495,0.792079207920792,22.0792079207921,"NTAMAC0002-53575","Grass","NTAMAC0002"
"221","0",8.71287128712871,0.594059405940594,15.7425742574257,"NTAMAC0002-58734","Grass","NTAMAC0002"
"222","0",41.2871287128713,3.36633663366337,0.99009900990099,"NTAMAC0003-53576","Grass","NTAMAC0003"
"223","0",36.9592088998764,3.33745364647713,1.35970333745365,"NTAMAC0003-58740","Grass","NTAMAC0003"
"224","0",18.9108910891089,12.1782178217822,14.7524752475248,"NTAMGD0001-53520","Grass","NTAMGD0001"
"225","0",33.7623762376238,0.396039603960396,0,"NTAMGD0002-53466","Grass","NTAMGD0002"
"226","0",25.3465346534653,7.42574257425743,8.01980198019802,"NTAMGD0003-58431","Tree","NTAMGD0003"
"227","0",40.6930693069307,4.15841584158416,3.66336633663366,"NTAMGD0004-58432","Grass","NTAMGD0004"
"228","0",22.8712871287129,22.0792079207921,6.33663366336634,"NTAMGD0005-58495","Tree","NTAMGD0005"
"229","0",22.2772277227723,25.1485148514851,25.8415841584158,"NTAPCK0001-58037","Tree","NTAPCK0001"
"230","0",27.8217821782178,8.91089108910891,25.1485148514851,"NTAPCK0002-58038","Shrub","NTAPCK0002"
"231","0",37.2277227722772,11.980198019802,26.8316831683168,"NTAPCK0003-58923","Grass","NTAPCK0003"
"232","0",34.4554455445545,11.0891089108911,41.5841584158416,"NTAPCK0003-58931","Tree","NTAPCK0003"
"233","0",39.3069306930693,9.20792079207921,26.6336633663366,"NTAPCK0004-58920","Shrub","NTAPCK0004"
"234","0",41.8811881188119,10.1980198019802,35.3465346534653,"NTAPCK0004-58934","Grass","NTAPCK0004"
"235","0",3.06930693069307,5.14851485148515,17.6237623762376,"NTAPCK0005-58921","Shrub","NTAPCK0005"
"236","0",50.4950495049505,14.2574257425743,7.42574257425743,"NTAPCK0006-58922","Tree","NTAPCK0006"
"237","0",60.7920792079208,10.4950495049505,11.4851485148515,"NTAPCK0006-58935","Grass","NTAPCK0006"
"238","0",38.9108910891089,12.5742574257426,26.4356435643564,"NTAPCK0007-58924","Grass","NTAPCK0007"
"239","0",40.3960396039604,9.7029702970297,36.5346534653465,"NTAPCK0007-58936","Shrub","NTAPCK0007"
"240","0",50.1980198019802,18.9108910891089,14.5544554455446,"NTAPCK1009-58937","Grass","NTAPCK1009"
"241","0",22.6732673267327,23.0693069306931,28.1188118811881,"NTAPCK1010-58938","Tree","NTAPCK1010"
"242","0",24.5544554455446,11.1881188118812,34.7524752475247,"NTAPCK1011-58940","Tree","NTAPCK1011"
"243","0",17.6237623762376,12.8712871287129,44.0594059405941,"NTAPCK1012-58942","Tree","NTAPCK1012"
"244","0",26.6336633663366,13.2673267326733,41.8811881188119,"NTAPCK2013-58939","Tree","NTAPCK2013"
"245","0",40.6930693069307,11.6831683168317,30.3960396039604,"NTAPCK2014-58941","Grass","NTAPCK2014"
"246","0",31.4741035856574,12.7490039840637,0,"NTASSD0001-53690","Grass","NTASSD0001"
"247","0",19.6233894945491,13.0822596630327,0,"NTASSD0003-53691","Grass","NTASSD0003"
"248","0",15.2475247524752,16.7326732673267,0,"NTASSD0004-53692","Shrub","NTASSD0004"
"249","0",16.5346534653465,3.96039603960396,0,"NTASSD0005-53693","Shrub","NTASSD0005"
"250","0",15.2475247524752,0.99009900990099,0,"NTASSD0006-53694","Grass","NTASSD0006"
"251","0",20.1980198019802,1.58415841584158,0,"NTASSD0007-53695","Grass","NTASSD0007"
"252","0",16.039603960396,7.12871287128713,0,"NTASSD0008-57074","Shrub","NTASSD0008"
"253","0",18.8118811881188,3.76237623762376,0,"NTASSD0009-53696","Shrub","NTASSD0009"
"254","0",20.3171456888008,2.57680872150644,0,"NTASSD0010-53697","Grass","NTASSD0010"
"255","0",1.18811881188119,0.099009900990099,0,"NTASSD0011-53559","Grass","NTASSD0011"
"256","0",6.73267326732673,0.099009900990099,0,"NTASSD0012-53560","Grass","NTASSD0012"
"257","0",0.99009900990099,1.18811881188119,0,"NTASSD0013-53563","Shrub","NTASSD0013"
"258","0",5.04950495049505,3.46534653465347,0,"NTASSD0014-53564","Grass","NTASSD0014"
"259","0",7.42574257425743,5.34653465346535,1.28712871287129,"NTASSD0015-53565","Grass","NTASSD0015"
"260","0",1.78217821782178,1.68316831683168,0,"NTASSD0016-53566","Grass","NTASSD0016"
"261","0",2.07920792079208,8.11881188118812,0,"NTASSD0017-53561","Shrub","NTASSD0017"
"262","0",5.84158415841584,0,0,"NTASSD0018-53562","Grass","NTASSD0018"
"263","0",2.17821782178218,5.34653465346535,1.38613861386139,"NTASSD0019-53567","Shrub","NTASSD0019"
"264","0",14.7524752475248,1.48514851485149,14.1584158415842,"NTASTU0001-58428","Grass","NTASTU0001"
"265","0",26.5346534653465,2.37623762376238,19.8019801980198,"NTASTU0002-58429","Grass","NTASTU0002"
"266","0",45.049504950495,4.15841584158416,18.019801980198,"NTASTU0003-58430","Grass","NTASTU0003"
"267","0",49.5049504950495,5.54455445544555,19.3069306930693,"NTASTU0004-58426","Shrub","NTASTU0004"
"268","0",28.3168316831683,6.33663366336634,21.4851485148515,"NTASTU0005-58427","Shrub","NTASTU0005"
"269","0",10.6930693069307,33.960396039604,0.99009900990099,"NTATAN0001-58874","Shrub","NTATAN0001"
"270","0",17.6237623762376,29.7029702970297,1.18811881188119,"NTATAN0002-58870","Shrub","NTATAN0002"
"271","0",27.5247524752475,5.04950495049505,0.792079207920792,"NTATAN0003-58871","Shrub","NTATAN0003"
"272","0",24.4554455445545,1.78217821782178,0.693069306930693,"NTATAN0004-58875","Grass","NTATAN0004"
"273","0",10.5940594059406,17.3267326732673,31.6831683168317,"NTTDAB0001-53580","Tree","NTTDAB0001"
"274","0",26.2376237623762,13.8613861386139,37.7227722772277,"NTTDAC0001-53755","Tree","NTTDAC0001"
"275","0",31.4851485148515,15.049504950495,3.86138613861386,"NTTDMR0001-53582","Grass","NTTDMR0001"
"276","0",39.6039603960396,2.87128712871287,7.02970297029703,"NTTDMR0002-53581","Tree","NTTDMR0002"
"277","0",42.970297029703,4.75247524752475,4.35643564356436,"NTTDMR0003-53583","Grass","NTTDMR0003"
"278","0",37.1287128712871,2.72277227722772,9.9009900990099,"NTTMGD0001-53521","Tree","NTTMGD0001"
"279","0",24.7524752475248,12.8712871287129,46.8316831683168,"NTTPCK0001-53584","Tree","NTTPCK0001"
"280","0",22.7722772277228,2.47524752475248,50,"NTTSTU0001-53585","Tree","NTTSTU0001"
"281","4.95049504950495",5.44554455445545,26.2376237623762,33.6633663366337,"QDABBN0001-58730","Grass","QDABBN0001"
"282","0.099009900990099",7.32673267326733,6.53465346534654,42.7722772277228,"QDABBN0002-58741","Grass","QDABBN0002"
"283","0",82.4752475247525,0.792079207920792,0,"QDABBS0001-58708","Grass","QDABBS0001"
"284","0",51.4851485148515,7.92079207920792,0,"QDABBS0002-58703","Shrub","QDABBS0002"
"285","0.297029702970297",17.4257425742574,7.92079207920792,53.0693069306931,"QDABBS0003-58709","Shrub","QDABBS0003"
"286","0",32.7722772277228,4.25742574257426,29.009900990099,"QDABBS0004-58726","Shrub","QDABBS0004"
"287","0",27.9207920792079,2.47524752475248,31.0891089108911,"QDABBS0005-58747","Tree","QDABBS0005"
"288","0",45.4455445544554,0.693069306930693,21.5841584158416,"QDABBS0006-58727","Grass","QDABBS0006"
"289","0",26.7326732673267,5.34653465346535,14.6534653465347,"QDABBS0007-58711","Shrub","QDABBS0007"
"290","0",56.8316831683168,11.0891089108911,9.00990099009901,"QDABBS0008-58728","Tree","QDABBS0008"
"291","0.099009900990099",21.980198019802,8.41584158415842,38.7128712871287,"QDABBS0009-58729","Shrub","QDABBS0009"
"292","0",14.4554455445545,34.6534653465347,38.7128712871287,"QDABBS0010-58963","Tree","QDABBS0010"
"293","0",1.98019801980198,1.28712871287129,7.52475247524752,"QDACHC0001-53592","Tree","QDACHC0001"
"294","0",0.099009900990099,8.01980198019802,10.8910891089109,"QDACHC0002-53593","Shrub","QDACHC0002"
"295","0",5.34653465346535,2.37623762376238,10.5940594059406,"QDACHC0003-53467","Grass","QDACHC0003"
"296","0",13.1130063965885,3.41151385927505,7.56929637526652,"QDACHC0004-53468","Tree","QDACHC0004"
"297","0",7.12871287128713,0.792079207920792,0.99009900990099,"QDACHC0005-53522","Grass","QDACHC0005"
"298","0",9.8019801980198,4.15841584158416,0,"QDACHC0006-53469","Grass","QDACHC0006"
"299","0",7.02970297029703,4.15841584158416,0,"QDACHC0007-53517","Grass","QDACHC0007"
"300","0.99009900990099",0.891089108910891,62.2772277227723,0.495049504950495,"QDACYP0001-58585","Shrub","QDACYP0001"
"301","0",13.7623762376238,54.1584158415842,1.08910891089109,"QDACYP0002-58586","Shrub","QDACYP0002"
"302","0.693069306930693",14.3564356435644,69.9009900990099,0.693069306930693,"QDACYP0003-58587","Shrub","QDACYP0003"
"303","0",29.5049504950495,6.83168316831683,26.039603960396,"QDACYP0004-58588","Shrub","QDACYP0004"
"304","0",36.9306930693069,6.23762376237624,28.4158415841584,"QDACYP0005-58589","Shrub","QDACYP0005"
"305","0",37.1287128712871,7.32673267326733,27.4257425742574,"QDACYP0006-58591","Shrub","QDACYP0006"
"306","0.198019801980198",31.0891089108911,8.91089108910891,41.5841584158416,"QDACYP0007-58592","Shrub","QDACYP0007"
"307","0",16.9306930693069,15.9405940594059,29.9009900990099,"QDACYP0008-58593","Tree","QDACYP0008"
"308","0.495049504950495",38.6138613861386,4.65346534653465,32.5742574257426,"QDACYP0009-58594","Shrub","QDACYP0009"
"309","0",86.3366336633663,2.97029702970297,0.198019801980198,"QDACYP0010-58595","Grass","QDACYP0010"
"310","0.198019801980198",42.4752475247525,4.05940594059406,30.4950495049505,"QDACYP0011-58596","Grass","QDACYP0011"
"311","0",0.33003300330033,21.4521452145215,72.2772277227723,"QDACYP0012-58597","Tree","QDACYP0012"
"312","0",39.8019801980198,3.06930693069307,31.4851485148515,"QDACYP0013-58598","Grass","QDACYP0013"
"313","0",40.6930693069307,3.86138613861386,35.6435643564356,"QDACYP0014-58599","Grass","QDACYP0014"
"314","0",42.5742574257426,0.396039603960396,24.7524752475248,"QDACYP0015-58600","Grass","QDACYP0015"
"315","0",7.52475247524752,18.1188118811881,54.0594059405941,"QDACYP0016-58601","Grass","QDACYP0016"
"316","0",15.4455445544554,38.8118811881188,21.7821782178218,"QDACYP0017-58602","Shrub","QDACYP0017"
"317","0",9.8019801980198,30.5940594059406,33.7623762376238,"QDACYP0018-58603","Grass","QDACYP0018"
"318","0",26.7326732673267,36.1386138613861,4.65346534653465,"QDACYP0019-58604","Tree","QDACYP0019"
"319","0",8.01980198019802,20.3960396039604,39.3069306930693,"QDACYP0020-58615","Grass","QDACYP0020"
"320","0",16.7992047713718,7.65407554671968,48.3101391650099,"QDACYP0021-58606","Shrub","QDACYP0021"
"321","0",29.8019801980198,5.04950495049505,37.2277227722772,"QDACYP0022-58607","Shrub","QDACYP0022"
"322","0",28.9108910891089,3.96039603960396,41.4851485148515,"QDACYP0023-58608","Tree","QDACYP0023"
"323","0",19.2079207920792,3.06930693069307,48.4158415841584,"QDACYP0024-58609","Tree","QDACYP0024"
"324","0",67.029702970297,0.792079207920792,4.45544554455445,"QDADEU0001-58888","Grass","QDADEU0001"
"325","0",57.4257425742574,0.891089108910891,3.46534653465347,"QDADEU0002-58962","Grass","QDADEU0002"
"326","0",17.3267326732673,24.8514851485149,17.5247524752475,"QDADEU0003-58898","Shrub","QDADEU0003"
"327","0",25.6435643564356,24.0594059405941,14.6534653465347,"QDADEU0004-58964","Grass","QDADEU0004"
"328","0",33.5643564356436,18.9108910891089,4.75247524752475,"QDADEU0005-58889","Tree","QDADEU0005"
"329","0",25.6435643564356,12.6732673267327,14.8514851485149,"QDADEU0006-58965","Grass","QDADEU0006"
"330","0",56.3366336633663,0.396039603960396,0,"QDAEIU0001-53470","Grass","QDAEIU0001"
"331","0",46.2376237623762,0.099009900990099,7.62376237623762,"QDAEIU0002-53523","Tree","QDAEIU0002"
"332","0",47.5479744136461,0.533049040511727,4.58422174840085,"QDAEIU0003-53471","Grass","QDAEIU0003"
"333","0",82.1782178217822,1.58415841584158,9.7029702970297,"QDAEIU0003-59149","Tree","QDAEIU0003"
"334","0",69.5049504950495,0.198019801980198,10.2970297029703,"QDAEIU0004-53524","Grass","QDAEIU0004"
"335","0",6.23762376237624,0,0.297029702970297,"QDAEIU0005-53472","Grass","QDAEIU0005"
"336","0",13.1683168316832,2.47524752475248,40.0990099009901,"QDAEIU0006-53473","Tree","QDAEIU0006"
"337","0",12.970297029703,6.03960396039604,50.5940594059406,"QDAEIU0006-58966","Shrub","QDAEIU0006"
"338","0",11.980198019802,4.35643564356436,39.7029702970297,"QDAEIU0007-53474","Shrub","QDAEIU0007"
"339","0",11.8730808597748,6.55066530194473,44.3193449334698,"QDAEIU0007-58902","Shrub","QDAEIU0007"
"340","0",32.6262626262626,28.6868686868687,6.26262626262626,"QDAEIU0008-58882","Tree","QDAEIU0008"
"341","0",70.8910891089109,5.24752475247525,3.46534653465347,"QDAEIU0009-58881","Grass","QDAEIU0009"
"342","0",22.9930624380575,13.3795837462834,27.9484638255699,"QDAEIU0010-58883","Tree","QDAEIU0010"
"343","0",12.3762376237624,19.7029702970297,11.8811881188119,"QDAGUP0001-53526","Shrub","QDAGUP0001"
"344","0",8.11881188118812,6.73267326732673,16.2376237623762,"QDAGUP0002-53475","Grass","QDAGUP0002"
"345","0",6.23762376237624,8.51485148514852,17.4257425742574,"QDAGUP0003-53527","Shrub","QDAGUP0003"
"346","0",2.87128712871287,4.95049504950495,13.3663366336634,"QDAGUP0004-53476","Shrub","QDAGUP0004"
"347","0",0.198019801980198,16.8316831683168,24.3564356435644,"QDAGUP0005-53528","Tree","QDAGUP0005"
"348","0",0.198019801980198,10.5940594059406,12.1782178217822,"QDAGUP0006-53477","Tree","QDAGUP0006"
"349","0",42.3762376237624,0.198019801980198,0,"QDAGUP0007-53478","Grass","QDAGUP0007"
"350","0",15.2475247524752,15.7425742574257,12.3762376237624,"QDAGUP0008-53529","Shrub","QDAGUP0008"
"351","0",47.2277227722772,0.396039603960396,0.396039603960396,"QDAGUP0009-53530","Grass","QDAGUP0009"
"352","0",4.15841584158416,19.7029702970297,3.06930693069307,"QDAGUP0010-53479","Grass","QDAGUP0010"
"353","0",19.009900990099,11.2871287128713,19.1089108910891,"QDAGUP0011-53531","Tree","QDAGUP0011"
"354","0",20.8910891089109,1.78217821782178,2.57425742574257,"QDAGUP0012-53525","Grass","QDAGUP0012"
"355","0",24.2574257425743,0.198019801980198,0.198019801980198,"QDAGUP0013-53532","Grass","QDAGUP0013"
"356","0",47.5247524752475,0,0,"QDAGUP0014-53480","Grass","QDAGUP0014"
"357","0",61.980198019802,0.99009900990099,0,"QDAGUP0015-53533","Grass","QDAGUP0015"
"358","0",40.3960396039604,3.16831683168317,9.00990099009901,"QDAGUP0016-53481","Tree","QDAGUP0016"
"359","1.28712871287129",39.1089108910891,5.94059405940594,0,"QDAGUP0017-53568","Shrub","QDAGUP0017"
"360","0",25.2475247524752,5.84158415841584,21.2871287128713,"QDAGUP0018-53482","Shrub","QDAGUP0018"
"361","0",18.8118811881188,10.4950495049505,0,"QDAGUP0019-53534","Grass","QDAGUP0019"
"362","0",48.2178217821782,8.31683168316832,0,"QDAGUP0020-53483","Shrub","QDAGUP0020"
"363","0",3.86138613861386,13.7623762376238,18.6138613861386,"QDAGUP0021-53535","Grass","QDAGUP0021"
"364","0",21.6831683168317,13.2673267326733,0,"QDAGUP0022-53484","Grass","QDAGUP0022"
"365","0",58.2178217821782,0,0,"QDAGUP0023-53536","Grass","QDAGUP0023"
"366","0",9.6039603960396,8.51485148514852,0,"QDAGUP0024-53485","Grass","QDAGUP0024"
"367","0",24.950495049505,6.13861386138614,13.2673267326733,"QDAGUP0025-53537","Shrub","QDAGUP0025"
"368","0",36.1587982832618,6.00858369098712,4.82832618025751,"QDAGUP0026-53486","Shrub","QDAGUP0026"
"369","0",0.198019801980198,7.92079207920792,47.6237623762376,"QDAGUP0027-53538","Shrub","QDAGUP0027"
"370","0",0.891089108910891,23.0693069306931,25.6435643564356,"QDAGUP0028-53487","Tree","QDAGUP0028"
"371","0",15.8415841584158,8.11881188118812,2.37623762376238,"QDAGUP0029-53488","Shrub","QDAGUP0029"
"372","0",85.2475247524752,0.792079207920792,10.0990099009901,"QDAGUP0029-59025","Grass","QDAGUP0029"
"373","0",18.6138613861386,7.02970297029703,7.42574257425743,"QDAGUP0030-53489","Tree","QDAGUP0030"
"374","0",17.3267326732673,4.05940594059406,8.81188118811881,"QDAGUP0031-53490","Tree","QDAGUP0031"
"375","0",75.8415841584158,1.88118811881188,15.5445544554455,"QDAGUP0031-59142","Grass","QDAGUP0031"
"376","0",77.1287128712871,3.96039603960396,16.9306930693069,"QDAGUP0032-59143","Grass","QDAGUP0032"
"377","0",31.4851485148515,0.99009900990099,0,"QDAMGD0001-53586","Grass","QDAMGD0001"
"378","0",20.3960396039604,3.66336633663366,13.7623762376238,"QDAMGD0002-53587","Shrub","QDAMGD0002"
"379","0",40.7920792079208,0,0,"QDAMGD0003-53491","Grass","QDAMGD0003"
"380","0",10.8910891089109,6.43564356435644,9.20792079207921,"QDAMGD0004-53588","Tree","QDAMGD0004"
"381","0.099009900990099",22.2772277227723,3.86138613861386,12.5742574257426,"QDAMGD0005-53589","Shrub","QDAMGD0005"
"382","0",24.2574257425743,0,0,"QDAMGD0006-53492","Grass","QDAMGD0006"
"383","0",25.3465346534653,0.495049504950495,0.792079207920792,"QDAMGD0007-53590","Grass","QDAMGD0007"
"384","0",20.8910891089109,0,0,"QDAMGD0008-53493","Grass","QDAMGD0008"
"385","0",7.12871287128713,2.47524752475248,0,"QDAMGD0009-53494","Grass","QDAMGD0009"
"386","9.5049504950495",7.72277227722772,11.980198019802,13.3663366336634,"QDAMGD0010-53591","Grass","QDAMGD0010"
"387","0",13.7623762376238,0.297029702970297,0,"QDAMGD0011-53495","Grass","QDAMGD0011"
"388","0.198019801980198",1.78217821782178,16.6336633663366,4.05940594059406,"QDAMGD0012-53496","Tree","QDAMGD0012"
"389","0",13.4653465346535,0.198019801980198,0,"QDAMGD0013-53539","Grass","QDAMGD0013"
"390","0",14.2574257425743,0,0,"QDAMGD0014-53497","Grass","QDAMGD0014"
"391","0",3.36967294350842,1.78394449950446,9.21704658077304,"QDAMGD0015-53540","Tree","QDAMGD0015"
"392","0.099009900990099",7.02970297029703,2.87128712871287,8.41584158415842,"QDAMGD0016-53498","Tree","QDAMGD0016"
"393","0",19.9009900990099,0.099009900990099,0,"QDAMGD0017-53499","Grass","QDAMGD0017"
"394","0",37.6237623762376,0,0,"QDAMGD0018-53541","Grass","QDAMGD0018"
"395","0",18.7128712871287,0,0,"QDAMGD0019-53542","Grass","QDAMGD0019"
"396","0",5.34653465346535,0.396039603960396,16.4356435643564,"QDAMGD0020-53500","Grass","QDAMGD0020"
"397","0",18.1188118811881,0,0,"QDAMGD0021-53543","Grass","QDAMGD0021"
"398","0",16.8316831683168,0.297029702970297,0,"QDAMGD0022-53501","Grass","QDAMGD0022"
"399","0",32.3762376237624,6.83168316831683,14.8514851485149,"QDAMGD0023-53544","Shrub","QDAMGD0023"
"400","0",5.94059405940594,0.396039603960396,1.18811881188119,"QDAMGD0024-53502","Grass","QDAMGD0024"
"401","0",0.495049504950495,4.85148514851485,22.3762376237624,"QDAMGD0025-53545","Shrub","QDAMGD0025"
"402","0",0.99009900990099,3.96039603960396,16.1386138613861,"QDAMGD0026-53503","Shrub","QDAMGD0026"
"403","0",30.990099009901,1.98019801980198,0.099009900990099,"QDAMGD0027-56936","Grass","QDAMGD0027"
"404","0",39.7029702970297,0.594059405940594,0,"QDAMGD0028-56937","Grass","QDAMGD0028"
"405","0",4.65346534653465,2.37623762376238,1.98019801980198,"QDAMII0001-53504","Grass","QDAMII0001"
"406","0",20.0990099009901,3.26732673267327,3.26732673267327,"QDAMII0002-53546","Tree","QDAMII0002"
"407","0",0.891089108910891,15.3465346534653,43.6633663366337,"QDAMUL0001-53594","Tree","QDAMUL0001"
"408","0",0,0,48.8118811881188,"QDAMUL0002-53505","Tree","QDAMUL0002"
"409","0",2.77227722772277,6.13861386138614,44.5544554455446,"QDAMUL0003-53595","Shrub","QDAMUL0003"
"410","0",5.14851485148515,2.87128712871287,81.3861386138614,"QDASEQ0001-58960","Tree","QDASEQ0001"
"411","0.099009900990099",93.7623762376238,2.57425742574257,0,"QDASEQ0002-58745","Grass","QDASEQ0002"
"412","0",5.04950495049505,2.37623762376238,80.5940594059406,"QDASEQ0003-58961","Tree","QDASEQ0003"
"413","0",5.14851485148515,6.23762376237624,72.3762376237624,"QDASEQ0004-58885","Tree","QDASEQ0004"
"414","0",32.0499479708637,1.87304890738814,0,"QDASSD0001-53756","Grass","QDASSD0001"
"415","0",40.5940594059406,3.16831683168317,0,"QDASSD0001-57621","Grass","QDASSD0001"
"416","0",44.8959365708622,3.46878097125867,0,"QDASSD0001-58680","Grass","QDASSD0001"
"417","0",48.3910891089109,0.123762376237624,1.23762376237624,"QDASSD0001-58925","Grass","QDASSD0001"
"418","0",12.2772277227723,5.74257425742574,2.67326732673267,"QDASSD0002-53757","Shrub","QDASSD0002"
"419","0",23.8613861386139,6.83168316831683,2.87128712871287,"QDASSD0002-57622","Shrub","QDASSD0002"
"420","0",31.615460852329,5.45094152626363,1.28840436075322,"QDASSD0002-58681","Shrub","QDASSD0002"
"421","0",28.4158415841584,4.45544554455445,2.77227722772277,"QDASSD0002-58907","Shrub","QDASSD0002"
"422","0",10.3960396039604,8.11881188118812,6.43564356435644,"QDASSD0003-56912","Shrub","QDASSD0003"
"423","0",24.2334322453017,12.0672601384768,2.76953511374876,"QDASSD0003-57623","Grass","QDASSD0003"
"424","0",31.3861386138614,1.78217821782178,8.51485148514852,"QDASSD0003-58682","Tree","QDASSD0003"
"425","0",16.5934065934066,3.40659340659341,9.67032967032967,"QDASSD0003-58908","Tree","QDASSD0003"
"426","0",34.0594059405941,0.99009900990099,0,"QDASSD0004-56913","Grass","QDASSD0004"
"427","0",48.9108910891089,1.78217821782178,0,"QDASSD0004-57624","Grass","QDASSD0004"
"428","0",56.5346534653465,2.07920792079208,0,"QDASSD0004-58683","Grass","QDASSD0004"
"429","0",60.1980198019802,4.65346534653465,0,"QDASSD0004-58909","Grass","QDASSD0004"
"430","0",0.594059405940594,6.83168316831683,11.0891089108911,"QDASSD0005-56914","Shrub","QDASSD0005"
"431","0",22.6622662266227,14.6314631463146,6.49064906490649,"QDASSD0005-57625","Tree","QDASSD0005"
"432","0",3.56435643564356,10.1980198019802,10.4950495049505,"QDASSD0005-58684","Grass","QDASSD0005"
"433","0",18.3168316831683,5.24752475247525,0,"QDASSD0006-56915","Shrub","QDASSD0006"
"434","0",45.5445544554455,9.6039603960396,0,"QDASSD0006-57626","Shrub","QDASSD0006"
"435","0",30.3960396039604,3.26732673267327,0,"QDASSD0006-58685","Grass","QDASSD0006"
"436","0",24.7524752475248,5.94059405940594,0,"QDASSD0006-58911","Shrub","QDASSD0006"
"437","0",10.3960396039604,3.86138613861386,12.8712871287129,"QDASSD0007-56916","Shrub","QDASSD0007"
"438","0",31.980198019802,7.12871287128713,12.2772277227723,"QDASSD0007-57627","Shrub","QDASSD0007"
"439","0",15.3465346534653,2.57425742574257,9.10891089108911,"QDASSD0007-58686","Tree","QDASSD0007"
"440","0",4.55445544554455,4.55445544554455,8.61386138613861,"QDASSD0007-58906","Tree","QDASSD0007"
"441","0",29.9009900990099,9.10891089108911,0.099009900990099,"QDASSD0008-56917","Shrub","QDASSD0008"
"442","0",45.6435643564356,16.3366336633663,0,"QDASSD0008-57628","Grass","QDASSD0008"
"443","0",37.029702970297,5.14851485148515,0,"QDASSD0008-58687","Shrub","QDASSD0008"
"444","0",16.9306930693069,0.693069306930693,17.4257425742574,"QDASSD0009-56918","Tree","QDASSD0009"
"445","0.693069306930693",31.0891089108911,0.792079207920792,19.4059405940594,"QDASSD0009-57629","Grass","QDASSD0009"
"446","5.34653465346535",42.6732673267327,0.495049504950495,20.990099009901,"QDASSD0009-58688","Grass","QDASSD0009"
"447","0.396039603960396",40.7920792079208,5.04950495049505,22.3762376237624,"QDASSD0009-58913","Shrub","QDASSD0009"
"448","0",2.18037661050545,1.48662041625372,6.54112983151635,"QDASSD0010-56919","Tree","QDASSD0010"
"449","0",31.6831683168317,13.8613861386139,5.84158415841584,"QDASSD0010-58689","Tree","QDASSD0010"
"450","0",17.3267326732673,9.20792079207921,13.2673267326733,"QDASSD0010-58926","Shrub","QDASSD0010"
"451","0",8.01980198019802,2.57425742574257,8.41584158415842,"QDASSD0011-56920","Tree","QDASSD0011"
"452","0",11.3861386138614,6.03960396039604,5.24752475247525,"QDASSD0011-57631","Shrub","QDASSD0011"
"453","0",1.98019801980198,6.33663366336634,10.8910891089109,"QDASSD0011-58690","Shrub","QDASSD0011"
"454","0",2.97029702970297,2.97029702970297,11.5841584158416,"QDASSD0011-58927","Shrub","QDASSD0011"
"455","0",6.73267326732673,6.73267326732673,0.891089108910891,"QDASSD0012-56921","Shrub","QDASSD0012"
"456","0",45.5445544554455,11.0891089108911,0.99009900990099,"QDASSD0012-57632","Grass","QDASSD0012"
"457","0",22.7722772277228,11.7821782178218,1.38613861386139,"QDASSD0012-58691","Grass","QDASSD0012"
"458","0",14.3564356435644,11.8811881188119,1.88118811881188,"QDASSD0012-58928","Grass","QDASSD0012"
"459","0",6.03960396039604,15.3465346534653,0.099009900990099,"QDASSD0013-56922","Grass","QDASSD0013"
"460","0",16.8316831683168,15.049504950495,0.594059405940594,"QDASSD0013-57633","Grass","QDASSD0013"
"461","0",22.7722772277228,15.4455445544554,0,"QDASSD0013-58692","Grass","QDASSD0013"
"462","0",4.95049504950495,1.88118811881188,15.7425742574257,"QDASSD0013-58929","Grass","QDASSD0013"
"463","0",12.4752475247525,3.86138613861386,1.78217821782178,"QDASSD0014-56923","Shrub","QDASSD0014"
"464","0",26.2376237623762,5.94059405940594,0.594059405940594,"QDASSD0014-57634","Shrub","QDASSD0014"
"465","0",25.049504950495,3.16831683168317,1.88118811881188,"QDASSD0014-58693","Shrub","QDASSD0014"
"466","0",42.1342134213421,5.28052805280528,2.09020902090209,"QDASSD0014-58930","Shrub","QDASSD0014"
"467","0",17.029702970297,11.5841584158416,0.198019801980198,"QDASSD0015-56924","Grass","QDASSD0015"
"468","0",25.3465346534653,6.23762376237624,2.07920792079208,"QDASSD0015-57635","Shrub","QDASSD0015"
"469","0",20.4950495049505,7.72277227722772,0.099009900990099,"QDASSD0015-58694","Shrub","QDASSD0015"
"470","0",0.099009900990099,19.7029702970297,0.396039603960396,"SAABHC0001-58578","Shrub","SAABHC0001"
"471","0",0.396039603960396,27.1287128712871,0,"SAABHC0001-58793","Shrub","SAABHC0001"
"472","0",0.099009900990099,15.2475247524752,5.34653465346535,"SAABHC0002-58563","Tree","SAABHC0002"
"473","0.198019801980198",0,14.8514851485149,4.25742574257426,"SAABHC0002-58794","Tree","SAABHC0002"
"474","0",4.15841584158416,6.93069306930693,0,"SAABHC0003-58577","Shrub","SAABHC0003"
"475","0",5.84158415841584,10.2970297029703,0,"SAABHC0003-58795","Grass","SAABHC0003"
"476","0",0,19.8019801980198,24.8514851485149,"SAABHC0004-58564","Tree","SAABHC0004"
"477","0.198019801980198",0,22.8712871287129,21.6831683168317,"SAABHC0004-58796","Shrub","SAABHC0004"
"478","0",0.099009900990099,9.40594059405941,0,"SAABHC0005-58797","Shrub","SAABHC0005"
"479","0",0.099009900990099,7.42574257425743,0,"SAABHC0006-58798","Shrub","SAABHC0006"
"480","0",11.3861386138614,7.02970297029703,0,"SAACHC0003-59053","Shrub","SAACHC0003"
"481","0",16.4356435643564,3.26732673267327,0,"SAACHC0004-59054","Shrub","SAACHC0004"
"482","0",1.58415841584158,5.04950495049505,6.83168316831683,"SAACHC0005-59055","Tree","SAACHC0005"
"483","0",3.66336633663366,3.66336633663366,8.11881188118812,"SAACHC0006-59039","Tree","SAACHC0006"
"484","0",5.54455445544555,10,2.57425742574257,"SAACHC0008-58969","Grass","SAACHC0008"
"485","0",7.72277227722772,11.7821782178218,4.25742574257426,"SAACHC0009-59012","Grass","SAACHC0009"
"486","0",5.14851485148515,15.4455445544554,1.28712871287129,"SAACHC0010-58970","Grass","SAACHC0010"
"487","0",4.15841584158416,18.7128712871287,1.88118811881188,"SAACHC0011-59018","Grass","SAACHC0011"
"488","0",13.0693069306931,9.20792079207921,0,"SAACHC0012-59022","Shrub","SAACHC0012"
"489","0",13.2673267326733,11.3861386138614,0.297029702970297,"SAACHC0014-59019","Grass","SAACHC0014"
"490","0",33.6633663366337,39.009900990099,0,"SAAEYB0001-57637","Shrub","SAAEYB0001"
"491","0",12.1782178217822,32.7722772277228,15.9405940594059,"SAAEYB0002-58852","Shrub","SAAEYB0002"
"492","0",9.30693069306931,30.8910891089109,44.3564356435644,"SAAEYB0003-58853","Grass","SAAEYB0003"
"493","10.0990099009901",2.37623762376238,41.1881188118812,35.6435643564356,"SAAEYB0004-58846","Shrub","SAAEYB0004"
"494","0",7.02970297029703,28.1188118811881,38.9108910891089,"SAAEYB0005-58851","Grass","SAAEYB0005"
"495","0.099009900990099",0.99009900990099,39.8019801980198,43.3663366336634,"SAAEYB0006-58850","Tree","SAAEYB0006"
"496","0",5.24752475247525,32.3762376237624,33.8613861386139,"SAAEYB0007-58848","Grass","SAAEYB0007"
"497","0",4.05940594059406,48.1188118811881,27.1287128712871,"SAAEYB0008-58849","Shrub","SAAEYB0008"
"498","0",2.27722772277228,29.9009900990099,33.5643564356436,"SAAEYB0009-58841","Tree","SAAEYB0009"
"499","0",4.75247524752475,44.8514851485149,32.5742574257426,"SAAEYB0010-58842","Shrub","SAAEYB0010"
"500","0",1.08910891089109,40.3960396039604,49.009900990099,"SAAEYB0011-58847","Tree","SAAEYB0011"
"501","0",8.71287128712871,40.5940594059406,31.2871287128713,"SAAEYB0012-58840","Grass","SAAEYB0012"
"502","0",0.594059405940594,55.9405940594059,29.6039603960396,"SAAEYB0013-58845","Shrub","SAAEYB0013"
"503","0",4.45544554455445,37.8217821782178,34.950495049505,"SAAEYB0015-58915","Grass","SAAEYB0015"
"504","0",1.38613861386139,13.7623762376238,59.8019801980198,"SAAEYB0016-58916","Tree","SAAEYB0016"
"505","0",17.1287128712871,38.9108910891089,0,"SAAEYB0021-58834","Shrub","SAAEYB0021"
"506","0",3.66699702675917,43.211100099108,6.14469772051536,"SAAEYB0022-58839","Tree","SAAEYB0022"
"507","0",5.94059405940594,34.3564356435644,0.594059405940594,"SAAEYB0023-58835","Grass","SAAEYB0023"
"508","0",11.7821782178218,45.9405940594059,0,"SAAEYB0024-58836","Shrub","SAAEYB0024"
"509","0",17.6237623762376,45.1485148514852,2.77227722772277,"SAAEYB0025-58844","Shrub","SAAEYB0025"
"510","0",13.5643564356436,49.4059405940594,0.594059405940594,"SAAEYB0026-58843","Shrub","SAAEYB0026"
"511","0",5.14851485148515,64.950495049505,0,"SAAEYB0027-58854","Shrub","SAAEYB0027"
"512","0",6.13861386138614,13.0693069306931,0,"SAAEYB0028-58829","Grass","SAAEYB0028"
"513","0",13.2673267326733,5.44554455445545,0,"SAAEYB0029-58855","Shrub","SAAEYB0029"
"514","0",0.792079207920792,22.4752475247525,13.0693069306931,"SAAEYB0030-58856","Shrub","SAAEYB0030"
"515","0",0,25.1485148514851,5.74257425742574,"SAAEYB0031-58884","Tree","SAAEYB0031"
"516","0",16.5346534653465,6.23762376237624,5.84158415841584,"SAAEYB0032-58899","Shrub","SAAEYB0032"
"517","0",0.099009900990099,4.65346534653465,25.4455445544554,"SAAEYB0033-58859","Shrub","SAAEYB0033"
"518","4.65346534653465",4.85148514851485,16.039603960396,25.5445544554455,"SAAEYB0035-59157","Grass","SAAEYB0035"
"519","0",3.66336633663366,18.4158415841584,0,"SAAEYB0036-59158","Grass","SAAEYB0036"
"520","0.396039603960396",26.9306930693069,1.38613861386139,45.4455445544554,"SAAFLB0003-58033","Tree","SAAFLB0003"
"521","0.891089108910891",27.029702970297,3.16831683168317,45.8415841584158,"SAAFLB0003-58704","Tree","SAAFLB0003"
"522","3.36633663366337",18.3168316831683,7.12871287128713,36.1386138613861,"SAAFLB0004-58526","Shrub","SAAFLB0004"
"523","0",8.11881188118812,44.3564356435644,0,"SAAFLB0005-58618","Grass","SAAFLB0005"
"524","0",1.38613861386139,60.4950495049505,21.0891089108911,"SAAFLB0006-58619","Shrub","SAAFLB0006"
"525","0",12.0792079207921,8.81188118811881,0,"SAAFLB0007-58620","Shrub","SAAFLB0007"
"526","0",1.58415841584158,16.4356435643564,19.6039603960396,"SAAFLB0008-58621","Tree","SAAFLB0008"
"527","0",10.8910891089109,8.71287128712871,0,"SAAFLB0030-53506","Shrub","SAAFLB0030"
"528","0",11.2871287128713,6.63366336633663,0,"SAAFLB0030-58617","Shrub","SAAFLB0030"
"529","0",7.62376237623762,6.93069306930693,0,"SAAFLB0031-53507","Grass","SAAFLB0031"
"530","0",1.58415841584158,6.23762376237624,0,"SAAFLB0031-58616","Shrub","SAAFLB0031"
"531","0",0.198019801980198,17.6237623762376,16.2376237623762,"SAAGAW0001-56992","Shrub","SAAGAW0001"
"532","0",2.67326732673267,21.4851485148515,0.297029702970297,"SAAGAW0002-56993","Shrub","SAAGAW0002"
"533","0",0,22.970297029703,10.2970297029703,"SAAGAW0003-56994","Shrub","SAAGAW0003"
"534","0",2.37623762376238,7.22772277227723,7.62376237623762,"SAAGAW0004-58716","Tree","SAAGAW0004"
"535","0.099009900990099",0.396039603960396,23.3663366336634,1.18811881188119,"SAAGAW0005-58748","Shrub","SAAGAW0005"
"536","0",5.24752475247525,12.5742574257426,2.77227722772277,"SAAGAW0006-58717","Grass","SAAGAW0006"
"537","0",1.08910891089109,13.5643564356436,4.85148514851485,"SAAGAW0007-58749","Tree","SAAGAW0007"
"538","0",3.16831683168317,13.6633663366337,0,"SAAGAW0008-58750","Grass","SAAGAW0008"
"539","0",14.2574257425743,13.8613861386139,0,"SAAGVD0001-56925","Grass","SAAGVD0001"
"540","0",20.1980198019802,11.1881188118812,0,"SAAGVD0002-56926","Grass","SAAGVD0002"
"541","0.099009900990099",61.4851485148515,7.32673267326733,0,"SAAGVD0003-56927","Shrub","SAAGVD0003"
"542","0",5.04950495049505,16.1386138613861,1.58415841584158,"SAAGVD0004-56947","Grass","SAAGVD0004"
"543","0",6.83168316831683,20.7920792079208,56.5346534653465,"SAAKAN0001-58610","Grass","SAAKAN0001"
"544","0",4.25742574257426,17.1287128712871,46.6336633663366,"SAAKAN0001-58893","Tree","SAAKAN0001"
"545","0.693069306930693",1.28712871287129,63.0693069306931,25.6435643564356,"SAAKAN0002-58630","Shrub","SAAKAN0002"
"546","0.594059405940594",21.0891089108911,33.2673267326733,17.4257425742574,"SAAKAN0002-58876","Shrub","SAAKAN0002"
"547","0.792079207920792",3.96039603960396,18.2178217821782,56.6336633663366,"SAAKAN0003-58622","Tree","SAAKAN0003"
"548","0",10.7920792079208,6.13861386138614,12.7722772277228,"SAAKAN0003-58892","Shrub","SAAKAN0003"
"549","0",0.297029702970297,55.0495049504951,29.9009900990099,"SAAKAN0004-58623","Shrub","SAAKAN0004"
"550","0",0.594059405940594,25.4455445544554,11.6831683168317,"SAAKAN0004-58877","Shrub","SAAKAN0004"
"551","0",5.44554455445545,65.5445544554455,21.1881188118812,"SAAKAN0005-58624","Shrub","SAAKAN0005"
"552","0",5.74257425742574,21.3861386138614,0.495049504950495,"SAAKAN0005-58891","Grass","SAAKAN0005"
"553","0",15.4455445544554,39.4059405940594,24.1584158415842,"SAAKAN0006-58625","Shrub","SAAKAN0006"
"554","0",1.78217821782178,9.5049504950495,0,"SAAKAN0006-58900","Shrub","SAAKAN0006"
"555","0",2.57425742574257,74.1584158415842,12.1782178217822,"SAAKAN0007-58632","Shrub","SAAKAN0007"
"556","0",25.6435643564356,10.2970297029703,5.64356435643564,"SAAKAN0007-58878","Tree","SAAKAN0007"
"557","0",4.95049504950495,79.5049504950495,4.65346534653465,"SAAKAN0008-58626","Shrub","SAAKAN0008"
"558","0",6.13861386138614,56.3366336633663,24.3564356435644,"SAAKAN0008-58894","Grass","SAAKAN0008"
"559","0",2.67326732673267,64.3564356435644,20.1980198019802,"SAAKAN0009-58634","Shrub","SAAKAN0009"
"560","0",3.06930693069307,60.8910891089109,9.10891089108911,"SAAKAN0009-58901","Tree","SAAKAN0009"
"561","0",5.44554455445545,54.6534653465347,16.5346534653465,"SAAKAN0010-58627","Shrub","SAAKAN0010"
"562","0",1.98019801980198,31.980198019802,33.0693069306931,"SAAKAN0010-58895","Tree","SAAKAN0010"
"563","0",4.35643564356436,30,53.960396039604,"SAAKAN0011-58628","Tree","SAAKAN0011"
"564","0",4.85148514851485,7.02970297029703,65.1485148514851,"SAAKAN0011-58879","Shrub","SAAKAN0011"
"565","0",0.693069306930693,89.7029702970297,0,"SAAKAN0012-58629","Shrub","SAAKAN0012"
"566","0",1.78217821782178,83.0693069306931,0,"SAAKAN0012-58896","Shrub","SAAKAN0012"
"567","0",1.38613861386139,15.7425742574257,64.7524752475248,"SAAKAN0013-58880","Tree","SAAKAN0013"
"568","0",34.1149773071104,13.3888048411498,0,"SAAMDD0007-53742","Grass","SAAMDD0007"
"569","0",10.5940594059406,7.42574257425743,0,"SAAMDD0007-58833","Shrub","SAAMDD0007"
"570","0",0.496277915632754,2.72952853598015,43.1761786600496,"SAAMDD0008-53743","Tree","SAAMDD0008"
"571","0",0.099009900990099,3.16831683168317,41.1881188118812,"SAAMDD0008-58832","Tree","SAAMDD0008"
"572","0",27.4900398406374,14.6414342629482,7.66932270916335,"SAAMDD0009-53744","Tree","SAAMDD0009"
"573","0",10.4950495049505,4.65346534653465,13.1683168316832,"SAAMDD0009-58830","Shrub","SAAMDD0009"
"574","0",9.8233995584989,10.2649006622517,32.1192052980132,"SAAMDD0010-53700","Grass","SAAMDD0010"
"575","0",7.52475247524752,10.1980198019802,32.6732673267327,"SAAMDD0010-58831","Grass","SAAMDD0010"
"576","0.099009900990099",8.11881188118812,28.6138613861386,0,"SAAMDD0011-53745","Grass","SAAMDD0011"
"577","0.297029702970297",1.58415841584158,23.2673267326733,3.46534653465347,"SAAMDD0011-58828","Tree","SAAMDD0011"
"578","0",10.7920792079208,14.0594059405941,0,"SAANUL0001-56948","Shrub","SAANUL0001"
"579","0",5.54455445544555,22.0792079207921,2.77227722772277,"SAANUL0002-56949","Grass","SAANUL0002"
"580","0",24.1584158415842,12.0792079207921,0,"SAANUL0003-56950","Grass","SAANUL0003"
"581","0",13.8613861386139,15.1485148514851,0,"SAANUL0004-56951","Shrub","SAANUL0004"
"582","0",25.8415841584158,0.099009900990099,0,"SAANUL0005-59076","Grass","SAANUL0005"
"583","0",4.25742574257426,5.24752475247525,61.8811881188119,"SAARIV0001-57090","Tree","SAARIV0001"
"584","0",4.06342913776016,2.97324083250743,78.2953419226957,"SAARIV0001-58046","Tree","SAARIV0001"
"585","0",1.88118811881188,10.6930693069307,55.1485148514852,"SAARIV0001-58971","Tree","SAARIV0001"
"586","0",5.24752475247525,10.8910891089109,59.7029702970297,"SAARIV0002-57091","Tree","SAARIV0002"
"587","0",2.86028602860286,6.38063806380638,67.8767876787679,"SAARIV0002-58047","Tree","SAARIV0002"
"588","0",4.45544554455445,24.1584158415842,30.6930693069307,"SAARIV0003-57092","Grass","SAARIV0003"
"589","0",2.97029702970297,18.4158415841584,39.3069306930693,"SAARIV0003-57612","Tree","SAARIV0003"
"590","0",38.4158415841584,9.10891089108911,12.6732673267327,"SAARIV0004-57093","Shrub","SAARIV0004"
"591","0",43.1143114311431,9.45094509450945,18.1818181818182,"SAARIV0004-58051","Shrub","SAARIV0004"
"592","0.099009900990099",31.4851485148515,26.039603960396,14.8514851485149,"SAARIV0004-58967","Grass","SAARIV0004"
"593","0",43.4653465346535,4.15841584158416,31.7821782178218,"SAARIV0005-57094","Grass","SAARIV0005"
"594","0",42.2442244224422,3.19031903190319,35.4235423542354,"SAARIV0005-58052","Grass","SAARIV0005"
"595","0",54.1584158415842,6.83168316831683,13.0693069306931,"SAARIV0006-57095","Shrub","SAARIV0006"
"596","0",59.8019801980198,3.16831683168317,12.4752475247525,"SAARIV0006-58053","Grass","SAARIV0006"
"597","0",23.1683168316832,34.3564356435644,13.960396039604,"SAARIV0006-59035","Shrub","SAARIV0006"
"598","0",0,57.7227722772277,14.5544554455446,"SAARIV0007-57096","Shrub","SAARIV0007"
"599","0",0,67.3267326732673,14.8514851485149,"SAARIV0007-58054","Shrub","SAARIV0007"
"600","0",0.594059405940594,32.2772277227723,13.7623762376238,"SAARIV0008-57097","Shrub","SAARIV0008"
"601","0",0,37.3267326732673,14.5544554455446,"SAARIV0008-58056","Shrub","SAARIV0008"
"602","0",0.891089108910891,21.8811881188119,11.2871287128713,"SAARIV0009-57089","Shrub","SAARIV0009"
"603","0",0.693069306930693,23.4653465346535,14.2574257425743,"SAARIV0009-58055","Shrub","SAARIV0009"
"604","0",6.73267326732673,2.37623762376238,38.4158415841584,"SAARIV0010-59037","Grass","SAARIV0010"
"605","0.099009900990099",10.990099009901,12.7722772277228,0,"SAASTP0001-53719","Shrub","SAASTP0001"
"606","0.396432111000991",22.001982160555,6.8384539147671,0.297324083250743,"SAASTP0002-53720","Shrub","SAASTP0002"
"607","0",8.11881188118812,8.41584158415842,0,"SAASTP0003-53721","Shrub","SAASTP0003"
"608","0",19.8216055500496,6.54112983151635,0.0991080277502478,"SAASTP0004-53722","Shrub","SAASTP0004"
"609","0.297029702970297",24.4554455445545,12.6732673267327,0.198019801980198,"SAASTP0005-53723","Grass","SAASTP0005"
"610","0",53.4653465346535,9.9009900990099,0,"SAASTP0006-57066","Shrub","SAASTP0006"
"611","0.893743793445879",12.6117179741807,16.583912611718,0,"SAASTP0007-53724","Shrub","SAASTP0007"
"612","0",5.14851485148515,6.83168316831683,0,"SAASTP0008-53725","Shrub","SAASTP0008"
"613","0.198019801980198",6.43564356435644,43.960396039604,0,"SAASTP0009-53726","Grass","SAASTP0009"
"614","0",3.86521308225966,8.42418235877106,0,"SAASTP0010-53727","Shrub","SAASTP0010"
"615","0",9.31615460852329,1.18929633300297,0,"SAASTP0011-53728","Grass","SAASTP0011"
"616","0",14.7524752475248,5.74257425742574,0,"SAASTP0012-53729","Shrub","SAASTP0012"
"617","0",12.8712871287129,6.23762376237624,0,"SAASTP0013-53730","Shrub","SAASTP0013"
"618","0",1.98019801980198,2.97029702970297,0,"SAASTP0014-57067","Shrub","SAASTP0014"
"619","0",4.55445544554455,4.45544554455445,0,"SAASTP0015-53715","Grass","SAASTP0015"
"620","0",7.82178217821782,36.9306930693069,0,"SAASTP0016-53716","Grass","SAASTP0016"
"621","0",10.5940594059406,38.4158415841584,0,"SAASTP0017-53717","Shrub","SAASTP0017"
"622","0",12.5742574257426,8.51485148514852,0,"SAASTP0018-53718","Shrub","SAASTP0018"
"623","0",7.32673267326733,9.8019801980198,0,"SAASTP0019-53731","Shrub","SAASTP0019"
"624","0",9.00990099009901,5.44554455445545,0,"SAASTP0020-53732","Grass","SAASTP0020"
"625","0",3.36633663366337,5.34653465346535,0,"SAASTP0021-53733","Shrub","SAASTP0021"
"626","0",12.1782178217822,18.4158415841584,0,"SAASTP0022-53735","Shrub","SAASTP0022"
"627","0.297029702970297",12.0792079207921,14.9504950495049,0,"SAASTP0023-53736","Shrub","SAASTP0023"
"628","0.198019801980198",0.297029702970297,5.64356435643564,0,"SAASTP0024-53737","Shrub","SAASTP0024"
"629","0",1.48514851485149,3.16831683168317,0,"SAASTP0025-53734","Shrub","SAASTP0025"
"630","0",1.08910891089109,4.35643564356436,0,"SAASTP0026-53738","Shrub","SAASTP0026"
"631","0",1.98216055500496,4.06342913776016,0,"SAASTP0027-53739","Shrub","SAASTP0027"
"632","0",1.10887096774194,1.20967741935484,0,"SAASTP0028-53740","Shrub","SAASTP0028"
"633","0",1.68316831683168,8.81188118811881,0,"SAASTP0029-53741","Shrub","SAASTP0029"
"634","0",11.8811881188119,4.65346534653465,0.198019801980198,"SAASTP0030-56935","Shrub","SAASTP0030"
"635","0",11.6831683168317,3.16831683168317,0,"SAASTP0031-56938","Shrub","SAASTP0031"
"636","0",16.3366336633663,3.86138613861386,0,"SAASTP0032-56939","Shrub","SAASTP0032"
"637","0",1.48514851485149,5.64356435643564,0,"SAASTP0033-58724","Shrub","SAASTP0033"
"638","0",1.08910891089109,20.5940594059406,0,"SAASTP0034-58751","Shrub","SAASTP0034"
"639","0",20.7920792079208,2.27722772277228,29.7029702970297,"SASMDD0001-53710","Tree","SASMDD0001"
"640","0",5.04950495049505,18.6138613861386,0.099009900990099,"SASMDD0001-58760","Grass","SASMDD0001"
"641","0",2.38331678252234,7.34856007944389,33.2671300893744,"SASMDD0002-53711","Shrub","SASMDD0002"
"642","0",14.6534653465347,6.93069306930693,8.41584158415842,"SASMDD0003-57009","Tree","SASMDD0003"
"643","0",11.2871287128713,15.3465346534653,0,"SASMDD0004-56997","Shrub","SASMDD0004"
"644","0",4.15841584158416,14.8514851485149,0,"SASMDD0004-57013","Grass","SASMDD0004"
"645","0",27.3267326732673,18.6138613861386,0,"SASMDD0005-53712","Grass","SASMDD0005"
"646","0",12.2772277227723,8.01980198019802,0,"SASMDD0005-57006","Shrub","SASMDD0005"
"647","0",8.58085808580858,18.9218921892189,9.46094609460946,"SASMDD0006-53713","Tree","SASMDD0006"
"648","0",3.46534653465347,10,10.1980198019802,"SASMDD0006-57007","Grass","SASMDD0006"
"649","0",2.77227722772277,15.1485148514851,12.5742574257426,"SASMDD0006-58759","Grass","SASMDD0006"
"650","0",0.99009900990099,4.35643564356436,35.2475247524752,"SASMDD0008-57638","Shrub","SASMDD0008"
"651","0",0.11001100110011,2.53025302530253,30.8030803080308,"SASMDD0008-58757","Tree","SASMDD0008"
"652","0",5.94059405940594,18.9108910891089,2.17821782178218,"SASMDD0009-57008","Grass","SASMDD0009"
"653","0",15.2475247524752,15.7425742574257,0,"SASMDD0011-56998","Shrub","SASMDD0011"
"654","0",7.92079207920792,17.7227722772277,0,"SASMDD0011-57068","Grass","SASMDD0011"
"655","0",1.88118811881188,3.26732673267327,29.7029702970297,"SASMDD0012-56974","Shrub","SASMDD0012"
"656","0",15.8415841584158,4.45544554455445,5.74257425742574,"SASMDD0013-56979","Tree","SASMDD0013"
"657","0",0.891089108910891,16.7326732673267,2.17821782178218,"SASMDD0014-56980","Tree","SASMDD0014"
"658","0",3.06930693069307,4.55445544554455,28.5148514851485,"SASMDD0016-57000","Shrub","SASMDD0016"
"659","0",15.4455445544554,1.18811881188119,24.950495049505,"SASMDD0017-56999","Tree","SASMDD0017"
"660","0",17.5247524752475,2.27722772277228,26.5346534653465,"SASMDD0017-58021","Tree","SASMDD0017"
"661","0",5.54455445544555,14.9504950495049,5.44554455445545,"SASMDD0018-57010","Grass","SASMDD0018"
"662","0",2.07920792079208,14.0594059405941,0,"SASRIV0001-57603","Grass","SASRIV0001"
"663","0",0.396039603960396,17.5247524752475,0,"SASRIV0001-58758","Shrub","SASRIV0001"
"664","0",5.84158415841584,9.30693069306931,0,"SASRIV0002-57604","Shrub","SASRIV0002"
"665","0",6.93069306930693,13.7623762376238,25.1485148514851,"SATEYB0001-56940","Grass","SATEYB0001"
"666","0",32.8712871287129,16.3366336633663,19.8019801980198,"SATEYB0001-58665","Grass","SATEYB0001"
"667","0",6.83168316831683,13.8613861386139,18.4158415841584,"SATEYB0002-56991","Grass","SATEYB0002"
"668","0",7.02970297029703,17.1287128712871,26.039603960396,"SATEYB0002-58662","Grass","SATEYB0002"
"669","0",1.98019801980198,10.2970297029703,32.970297029703,"SATFLB0001-53698","Tree","SATFLB0001"
"670","0.099009900990099",11.980198019802,14.3564356435644,31.3861386138614,"SATFLB0001-58672","Tree","SATFLB0001"
"671","0.594059405940594",2.17821782178218,40.990099009901,28.1188118811881,"SATFLB0002-53703","Shrub","SATFLB0002"
"672","0.297029702970297",3.86138613861386,54.6534653465347,23.5643564356436,"SATFLB0002-58675","Shrub","SATFLB0002"
"673","0",9.6039603960396,11.1881188118812,58.7128712871287,"SATFLB0003-53704","Grass","SATFLB0003"
"674","0.594059405940594",17.6237623762376,16.039603960396,48.4158415841584,"SATFLB0003-58674","Tree","SATFLB0003"
"675","0",4.55445544554455,9.8019801980198,15.4455445544554,"SATFLB0004-53705","Shrub","SATFLB0004"
"676","0.099009900990099",5.64356435643564,15.4455445544554,17.029702970297,"SATFLB0004-58658","Grass","SATFLB0004"
"677","0",10.0990099009901,28.019801980198,11.6831683168317,"SATFLB0005-53706","Shrub","SATFLB0005"
"678","0.198019801980198",9.8019801980198,30.8910891089109,13.0693069306931,"SATFLB0005-58656","Grass","SATFLB0005"
"679","0",4.65346534653465,25.2475247524752,12.3762376237624,"SATFLB0006-53708","Grass","SATFLB0006"
"680","0",2.47524752475248,33.960396039604,5.54455445544555,"SATFLB0006-58655","Tree","SATFLB0006"
"681","0",0.297029702970297,28.019801980198,8.11881188118812,"SATFLB0007-53709","Tree","SATFLB0007"
"682","0",1.78217821782178,30.6930693069307,10.7920792079208,"SATFLB0007-58657","Shrub","SATFLB0007"
"683","0.199004975124378",30.7462686567164,32.636815920398,0,"SATFLB0008-53752","Shrub","SATFLB0008"
"684","0.396039603960396",29.8019801980198,27.5247524752475,8.71287128712871,"SATFLB0008-58670","Tree","SATFLB0008"
"685","0.99009900990099",5.64356435643564,43.0693069306931,23.6633663366337,"SATFLB0009-53753","Grass","SATFLB0009"
"686","1.68316831683168",5.74257425742574,41.1881188118812,34.0594059405941,"SATFLB0009-58659","Grass","SATFLB0009"
"687","0",1.28712871287129,15.049504950495,42.8712871287129,"SATFLB0010-53714","Tree","SATFLB0010"
"688","0",1.58415841584158,13.7623762376238,39.7029702970297,"SATFLB0010-58673","Tree","SATFLB0010"
"689","0.693069306930693",2.57425742574257,24.7524752475248,33.960396039604,"SATFLB0011-53754","Tree","SATFLB0011"
"690","0.792079207920792",5.14851485148515,25.3465346534653,44.8514851485149,"SATFLB0011-58671","Grass","SATFLB0011"
"691","0.297029702970297",3.06930693069307,48.8118811881188,6.83168316831683,"SATFLB0012-53699","Tree","SATFLB0012"
"692","1.28712871287129",4.55445544554455,52.4752475247525,11.2871287128713,"SATFLB0012-58677","Shrub","SATFLB0012"
"693","0",7.02970297029703,9.9009900990099,53.3663366336634,"SATFLB0013-53701","Shrub","SATFLB0013"
"694","2.67326732673267",16.4356435643564,19.7029702970297,40.2970297029703,"SATFLB0013-58664","Tree","SATFLB0013"
"695","0.198019801980198",3.26732673267327,28.1188118811881,21.6831683168317,"SATFLB0014-53702","Grass","SATFLB0014"
"696","0.792079207920792",5.04950495049505,25.1485148514851,31.5841584158416,"SATFLB0014-58667","Grass","SATFLB0014"
"697","0",3.76237623762376,9.20792079207921,71.4851485148515,"SATFLB0015-53707","Shrub","SATFLB0015"
"698","0.099009900990099",11.2871287128713,13.5643564356436,59.1089108910891,"SATFLB0015-58676","Tree","SATFLB0015"
"699","0",3.06930693069307,15.2475247524752,7.92079207920792,"SATFLB0016-53547","Tree","SATFLB0016"
"700","0",0.99009900990099,9.8019801980198,17.9207920792079,"SATFLB0016-58651","Shrub","SATFLB0016"
"701","0",7.02970297029703,23.0693069306931,1.78217821782178,"SATFLB0017-53548","Grass","SATFLB0017"
"702","0",2.07920792079208,8.21782178217822,18.5148514851485,"SATFLB0017-58644","Shrub","SATFLB0017"
"703","0",41.1881188118812,2.47524752475248,1.18811881188119,"SATFLB0018-53549","Grass","SATFLB0018"
"704","0",38.6138613861386,3.06930693069307,2.27722772277228,"SATFLB0018-58650","Grass","SATFLB0018"
"705","0",30.7920792079208,5.64356435643564,2.37623762376238,"SATFLB0019-53550","Shrub","SATFLB0019"
"706","0",27.7227722772277,4.05940594059406,2.77227722772277,"SATFLB0019-58645","Shrub","SATFLB0019"
"707","2.07920792079208",3.36633663366337,9.00990099009901,15.3465346534653,"SATFLB0020-53551","Shrub","SATFLB0020"
"708","2.42024202420242",2.42024202420242,8.25082508250825,20.7920792079208,"SATFLB0020-58648","Shrub","SATFLB0020"
"709","0.099009900990099",32.2772277227723,6.13861386138614,7.22772277227723,"SATFLB0021-53552","Tree","SATFLB0021"
"710","0",27.6237623762376,2.57425742574257,13.1683168316832,"SATFLB0021-58641","Grass","SATFLB0021"
"711","0",12.1782178217822,6.33663366336634,23.1683168316832,"SATFLB0022-53553","Shrub","SATFLB0022"
"712","0.099009900990099",5.24752475247525,4.45544554455445,21.3861386138614,"SATFLB0022-58649","Grass","SATFLB0022"
"713","0",6.43564356435644,8.41584158415842,0.099009900990099,"SATFLB0023-53554","Shrub","SATFLB0023"
"714","0",3.46534653465347,8.91089108910891,0.099009900990099,"SATFLB0023-58712","Shrub","SATFLB0023"
"715","0",8.52329038652131,15.3617443012884,0.89197224975223,"SATFLB0024-53555","Grass","SATFLB0024"
"716","0",4.95049504950495,14.7524752475248,0,"SATFLB0024-58713","Grass","SATFLB0024"
"717","0",1.48514851485149,14.0594059405941,15.3465346534653,"SATFLB0025-53556","Tree","SATFLB0025"
"718","0",0.77007700770077,12.8712871287129,16.8316831683168,"SATFLB0025-58714","Tree","SATFLB0025"
"719","2.27722772277228",10.4950495049505,10.6930693069307,56.5346534653465,"SATFLB0026-57001","Tree","SATFLB0026"
"720","2.87128712871287",13.6633663366337,4.65346534653465,66.7326732673267,"SATFLB0026-58678","Tree","SATFLB0026"
"721","3.26732673267327",2.47524752475248,12.970297029703,58.7128712871287,"SATFLB0027-56975","Tree","SATFLB0027"
"722","3.86138613861386",11.6831683168317,4.25742574257426,56.2376237623762,"SATFLB0027-58669","Tree","SATFLB0027"
"723","0",31.980198019802,19.6039603960396,6.83168316831683,"SATFLB0028-56995","Tree","SATFLB0028"
"724","0.297029702970297",35.9405940594059,11.4851485148515,12.8712871287129,"SATFLB0028-58668","Grass","SATFLB0028"
"725","0",8.62239841427156,17.8394449950446,60.6541129831516,"SATKAN0001-53688","Grass","SATKAN0001"
"726","2.27722772277228",24.950495049505,11.6831683168317,52.7722772277228,"SATKAN0001-58695","Tree","SATKAN0001"
"727","0",3.56435643564356,12.3762376237624,66.8316831683168,"SATKAN0002-53689","Tree","SATKAN0002"
"728","0",20.8910891089109,16.7326732673267,52.2772277227723,"SATKAN0002-58679","Tree","SATKAN0002"
"729","0.594059405940594",1.58415841584158,22.3762376237624,49.8019801980198,"SATKAN0003-56996","Tree","SATKAN0003"
"730","1.38613861386139",7.82178217821782,20.0990099009901,55.8415841584158,"SATKAN0003-58701","Grass","SATKAN0003"
"731","0.099009900990099",20.8910891089109,12.3762376237624,27.4257425742574,"SATKAN0004-56928","Tree","SATKAN0004"
"732","0.396432111000991",35.8771060455897,11.99207135778,24.9752229930624,"SATKAN0004-58696","Grass","SATKAN0004"
"733","0",30.990099009901,3.46534653465347,0,"SATSTP0001-53557","Grass","SATSTP0001"
"734","0",7.92079207920792,2.17821782178218,0,"SATSTP0001-58652","Grass","SATSTP0001"
"735","0",8.21782178217822,14.9504950495049,0.693069306930693,"SATSTP0002-53558","Grass","SATSTP0002"
"736","0",4.15841584158416,9.20792079207921,6.33663366336634,"SATSTP0002-58646","Shrub","SATSTP0002"
"737","0",15.049504950495,2.27722772277228,0,"SATSTP0003-53511","Shrub","SATSTP0003"
"738","0",11.980198019802,2.57425742574257,0.099009900990099,"SATSTP0003-58638","Shrub","SATSTP0003"
"739","0",20,16.4356435643564,0,"SATSTP0004-53512","Grass","SATSTP0004"
"740","0",1.78217821782178,18.9108910891089,2.57425742574257,"SATSTP0004-58642","Tree","SATSTP0004"
"741","0",15.6435643564356,6.23762376237624,0,"SATSTP0005-53513","Shrub","SATSTP0005"
"742","0",10.3960396039604,14.7524752475248,0,"SATSTP0005-58639","Shrub","SATSTP0005"
"743","0.198019801980198",8.51485148514852,9.10891089108911,6.23762376237624,"SATSTP0006-53514","Shrub","SATSTP0006"
"744","4.25742574257426",1.18811881188119,10.7920792079208,8.51485148514852,"SATSTP0006-58640","Tree","SATSTP0006"
"745","0",7.22772277227723,0,5.34653465346535,"SATSTP0007-53515","Grass","SATSTP0007"
"746","0",9.30693069306931,0,10.3960396039604,"SATSTP0007-58637","Grass","SATSTP0007"
"747","0",16.9306930693069,2.27722772277228,0,"SATSTP0008-53516","Shrub","SATSTP0008"
"748","0",2.97029702970297,8.01980198019802,0,"SATSTP0008-58643","Shrub","SATSTP0008"
"749","1.08910891089109",44.4554455445545,26.3366336633663,0,"TCABEL0001-58801","Grass","TCABEL0001"
"750","2.97029702970297",24.4554455445545,39.6039603960396,0,"TCABEL0002-58799","Shrub","TCABEL0002"
"751","1.38613861386139",50,26.4356435643564,0,"TCABEL0003-58803","Grass","TCABEL0003"
"752","1.08910891089109",5.54455445544555,56.4356435643564,25.3465346534653,"TCATCH0001-58823","Shrub","TCATCH0001"
"753","3.56435643564356",38.5148514851485,25.7425742574257,0,"TCATCH0002-58805","Grass","TCATCH0002"
"754","0.396039603960396",46.5346534653465,44.6534653465347,0,"TCATCH0003-58825","Grass","TCATCH0003"
"755","5.14851485148515",7.32673267326733,4.55445544554455,31.8811881188119,"TCATCH0004-58806","Grass","TCATCH0004"
"756","1.68316831683168",31.3861386138614,0,0,"TCATCH0005-58824","Grass","TCATCH0005"
"757","0.792079207920792",44.7524752475248,26.4356435643564,0,"TCATCH0006-58807","Grass","TCATCH0006"
"758","2.27722772277228",5.84158415841584,63.8613861386139,0,"TCATCH0007-58809","Shrub","TCATCH0007"
"759","0.099009900990099",63.0693069306931,32.7722772277228,0,"TCATCH0008-58821","Grass","TCATCH0008"
"760","1.28712871287129",29.5049504950495,0,0,"TCATCH0009-58811","Grass","TCATCH0009"
"761","25.6435643564356",65.8415841584158,7.22772277227723,0,"TCATCH0010-58826","Shrub","TCATCH0010"
"762","0",3.36633663366337,1.18811881188119,29.2079207920792,"TCATCH0011-58827","Grass","TCATCH0011"
"763","4.75247524752475",85.9405940594059,0,0,"TCATCH0012-58822","Grass","TCATCH0012"
"764","0",30.1980198019802,7.02970297029703,48.7128712871287,"TCATNM0001-58742","Shrub","TCATNM0001"
"765","4.35643564356436",47.7227722772277,0.495049504950495,23.3663366336634,"TCATNM0002-58782","Grass","TCATNM0002"
"766","4.25742574257426",33.0693069306931,11.0891089108911,24.950495049505,"TCATNM0003-58775","Grass","TCATNM0003"
"767","1.88118811881188",30.5940594059406,8.01980198019802,27.2277227722772,"TCATNM0004-58785","Shrub","TCATNM0004"
"768","2.57425742574257",53.4653465346535,0.495049504950495,3.66336633663366,"TCATNM0005-58792","Grass","TCATNM0005"
"769","0.99009900990099",75.1485148514851,0.099009900990099,1.78217821782178,"TCATNM0006-58800","Grass","TCATNM0006"
"770","0",58.5148514851485,30.2970297029703,0,"VCAAUA0001-58565","Grass","VCAAUA0001"
"771","0",71.4851485148515,15.5445544554455,0,"VCAAUA0002-58635","Grass","VCAAUA0002"
"772","22.3762376237624",50.1980198019802,20.2970297029703,0,"VCAAUA0003-58567","Grass","VCAAUA0003"
"773","0",25.2475247524752,49.7029702970297,14.7524752475248,"VCAAUA0004-58612","Shrub","VCAAUA0004"
"774","0",72.2772277227723,16.3366336633663,0,"VCAAUA0005-58570","Grass","VCAAUA0005"
"775","0.099009900990099",85.5445544554455,6.63366336633663,0,"VCAAUA0006-58568","Grass","VCAAUA0006"
"776","0",78.9108910891089,1.98019801980198,0,"VCAAUA0007-58543","Grass","VCAAUA0007"
"777","0.099009900990099",7.62376237623762,46.2376237623762,40.4950495049505,"VCAAUA0008-58544","Grass","VCAAUA0008"
"778","0",20.1980198019802,66.2376237623762,8.91089108910891,"VCAAUA0009-58569","Tree","VCAAUA0009"
"779","0.12453300124533",86.3013698630137,8.09464508094645,0,"VCAAUA0010-58546","Grass","VCAAUA0010"
"780","0",98.1188118811881,0,0,"VCAAUA0011-58540","Grass","VCAAUA0011"
"781","0.792079207920792",94.1584158415842,0.792079207920792,0,"VCAAUA0012-58613","Grass","VCAAUA0012"
"782","0.297029702970297",94.2574257425743,2.37623762376238,0,"VCAAUA0013-58541","Grass","VCAAUA0013"
"783","0",79.9009900990099,13.2673267326733,0,"VCAAUA0014-58571","Grass","VCAAUA0014"
"784","0.198019801980198",70.3960396039604,22.8712871287129,1.18811881188119,"VCAAUA0015-58539","Grass","VCAAUA0015"
"785","0",1.18811881188119,20.990099009901,0,"VCAMDD0001-57011","Shrub","VCAMDD0001"
"786","0",7.62376237623762,13.2673267326733,9.5049504950495,"VCAMDD0002-56990","Tree","VCAMDD0002"
"787","0",0.792079207920792,11.8811881188119,16.2376237623762,"VCAMDD0003-57012","Tree","VCAMDD0003"
"788","0",14.4554455445545,33.1683168316832,0,"WAAAVW0001-58517","Shrub","WAAAVW0001"
"789","0",7.42574257425743,36.8316831683168,0,"WAAAVW0002-58518","Grass","WAAAVW0002"
"790","0",2.27722772277228,3.76237623762376,32.6732673267327,"WAAAVW0003-58519","Tree","WAAAVW0003"
"791","0",2.47524752475248,3.56435643564356,33.1683168316832,"WAAAVW0004-58520","Tree","WAAAVW0004"
"792","0",3.66336633663366,4.05940594059406,16.7326732673267,"WAAAVW0005-58768","Shrub","WAAAVW0005"
"793","0.99009900990099",22.4752475247525,22.2772277227723,1.18811881188119,"WAAAVW0006-58810","Grass","WAAAVW0006"
"794","0",0.099009900990099,47.029702970297,0,"WAAAVW0007-58772","Shrub","WAAAVW0007"
"795","0",2.77227722772277,20.0990099009901,14.1584158415842,"WAACAR0001-58777","Shrub","WAACAR0001"
"796","0",6.03960396039604,3.46534653465347,24.7524752475248,"WAACAR0002-58776","Grass","WAACAR0002"
"797","0",3.9553752535497,41.5821501014199,1.62271805273834,"WAACAR0003-58778","Shrub","WAACAR0003"
"798","0",7.92079207920792,17.029702970297,0,"WAACAR0004-58779","Grass","WAACAR0004"
"799","0",3.36633663366337,0.396039603960396,18.8118811881188,"WAACEK0001-58505","Grass","WAACEK0001"
"800","0",41.8811881188119,1.98019801980198,17.9207920792079,"WAACEK0001-58955","Grass","WAACEK0001"
"801","0",62.0792079207921,1.08910891089109,1.88118811881188,"WAACEK0002-58506","Grass","WAACEK0002"
"802","0.198019801980198",19.5049504950495,0.495049504950495,0.693069306930693,"WAACEK0002-59008","Grass","WAACEK0002"
"803","0",47.5247524752475,1.58415841584158,7.02970297029703,"WAACEK0003-58507","Tree","WAACEK0003"
"804","0",68.5148514851485,1.18811881188119,5.44554455445545,"WAACEK0003-58956","Grass","WAACEK0003"
"805","0",0,73.1683168316832,1.48514851485149,"WAACOO0001-53444","Shrub","WAACOO0001"
"806","0",0,1.08910891089109,0,"WAACOO0002-53445","Shrub","WAACOO0002"
"807","0",0.594059405940594,53.7623762376238,11.4851485148515,"WAACOO0003-53447","Shrub","WAACOO0003"
"808","0",0.396039603960396,51.5841584158416,10.3960396039604,"WAACOO0004-53449","Shrub","WAACOO0004"
"809","1.58415841584158",38.6138613861386,11.7821782178218,0,"WAACOO0005-53446","Grass","WAACOO0005"
"810","0",0,27.5247524752475,23.6633663366337,"WAACOO0006-53438","Shrub","WAACOO0006"
"811","0",0.198019801980198,38.9108910891089,14.7524752475248,"WAACOO0007-53440","Shrub","WAACOO0007"
"812","0",4.35643564356436,10.0990099009901,26.5346534653465,"WAACOO0008-53442","Grass","WAACOO0008"
"813","0.297029702970297",17.029702970297,28.9108910891089,0,"WAACOO0009-53443","Shrub","WAACOO0009"
"814","0",20.8910891089109,6.23762376237624,1.18811881188119,"WAACOO0010-53441","Shrub","WAACOO0010"
"815","0.099009900990099",0.198019801980198,15.9405940594059,5.14851485148515,"WAACOO0011-53439","Tree","WAACOO0011"
"816","0",0.99009900990099,13.7623762376238,28.7128712871287,"WAACOO0012-53462","Tree","WAACOO0012"
"817","0",22.8712871287129,45.1485148514852,1.88118811881188,"WAACOO0016-53459","Shrub","WAACOO0016"
"818","0",23.6633663366337,38.6138613861386,9.5049504950495,"WAACOO0017-53460","Tree","WAACOO0017"
"819","0",14.9504950495049,59.7029702970297,6.63366336633663,"WAACOO0018-53461","Tree","WAACOO0018"
"820","0",33.7623762376238,39.2079207920792,3.16831683168317,"WAACOO0019-53463","Shrub","WAACOO0019"
"821","0",1.78217821782178,11.1881188118812,14.7524752475248,"WAACOO0020-53450","Tree","WAACOO0020"
"822","0",1.08910891089109,11.6831683168317,11.2871287128713,"WAACOO0021-53456","Shrub","WAACOO0021"
"823","0",0.198019801980198,0.396039603960396,41.8811881188119,"WAACOO0022-53453","Tree","WAACOO0022"
"824","0",1.28712871287129,7.72277227722772,19.9009900990099,"WAACOO0023-53448","Shrub","WAACOO0023"
"825","0",0,66.7326732673267,1.38613861386139,"WAACOO0024-53451","Shrub","WAACOO0024"
"826","0",13.6633663366337,34.5544554455446,0,"WAACOO0025-53452","Shrub","WAACOO0025"
"827","0",18.1188118811881,52.2772277227723,1.58415841584158,"WAACOO0026-53454","Shrub","WAACOO0026"
"828","0",19.9009900990099,43.2673267326733,0.99009900990099,"WAACOO0027-53455","Shrub","WAACOO0027"
"829","0",14.4554455445545,44.5544554455446,4.15841584158416,"WAACOO0028-53457","Shrub","WAACOO0028"
"830","0",28.6138613861386,51.0891089108911,1.48514851485149,"WAACOO0029-53458","Shrub","WAACOO0029"
"831","0",18.019801980198,20.1980198019802,0,"WAACOO0030-56958","Shrub","WAACOO0030"
"832","0",21.3861386138614,23.5643564356436,0,"WAACOO0031-58512","Shrub","WAACOO0031"
"833","0.099009900990099",15.9405940594059,24.6534653465347,0,"WAACOO0032-58511","Shrub","WAACOO0032"
"834","0",65.2475247524752,1.88118811881188,1.98019801980198,"WAADAL0001-58508","Grass","WAADAL0001"
"835","0",16.3366336633663,1.48514851485149,4.55445544554455,"WAADAL0001-58957","Tree","WAADAL0001"
"836","0",5.04950495049505,24.8514851485149,4.55445544554455,"WAADAL0002-58743","Grass","WAADAL0002"
"837","0",19.1419141914191,23.6523652365237,0,"WAADAL0003-58767","Shrub","WAADAL0003"
"838","0",12.6732673267327,17.7227722772277,21.980198019802,"WAADAL0004-58764","Tree","WAADAL0004"
"839","0",45.5445544554455,5.54455445544555,25.7425742574257,"WAADAL0005-58815","Shrub","WAADAL0005"
"840","0",6.13861386138614,48.7128712871287,4.85148514851485,"WAAESP0001-58516","Grass","WAAESP0001"
"841","0",0.693069306930693,0.891089108910891,3.26732673267327,"WAAGAS0001-58420","Tree","WAAGAS0001"
"842","0",28.1188118811881,0.297029702970297,4.65346534653465,"WAAGAS0002-58421","Tree","WAAGAS0002"
"843","0",8.71287128712871,36.2376237623762,0,"WAAGES0001-58023","Grass","WAAGES0001"
"844","0",9.10891089108911,43.0693069306931,0.693069306930693,"WAAGES0001-58802","Grass","WAAGES0001"
"845","0",6.83168316831683,38.9108910891089,0.594059405940594,"WAAGES0002-58024","Grass","WAAGES0002"
"846","0",1.88118811881188,50.4950495049505,2.37623762376238,"WAAGES0002-58732","Shrub","WAAGES0002"
"847","0",13.3663366336634,21.0891089108911,10.0990099009901,"WAAGES0003-58025","Shrub","WAAGES0003"
"848","0.099009900990099",11.6831683168317,19.2079207920792,11.980198019802,"WAAGES0003-58731","Shrub","WAAGES0003"
"849","0",8.61386138613861,16.039603960396,18.5148514851485,"WAAGES0004-58804","Grass","WAAGES0004"
"850","0",14.0594059405941,32.4752475247525,0,"WAAGES0005-58808","Shrub","WAAGES0005"
"851","0",38.1188118811881,2.57425742574257,0,"WAAGSD0001-58509","Grass","WAAGSD0001"
"852","0",36.1386138613861,4.05940594059406,0,"WAAGSD0001-58958","Shrub","WAAGSD0001"
"853","0",6.53465346534654,42.6732673267327,0,"WAAGSD0002-58959","Grass","WAAGSD0002"
"854","0",40.7920792079208,2.57425742574257,0,"WAAGSD0003-58980","Grass","WAAGSD0003"
"855","0",2.97029702970297,16.7326732673267,6.53465346534654,"WAAGVD0001-56960","Tree","WAAGVD0001"
"856","0",19.4059405940594,4.55445544554455,15.8415841584158,"WAAGVD0007-59050","Shrub","WAAGVD0007"
"857","0",13.3663366336634,5.74257425742574,8.71287128712871,"WAAGVD0008-59044","Tree","WAAGVD0008"
"858","0",4.85148514851485,17.9207920792079,4.75247524752475,"WAAGVD0009-59051","Grass","WAAGVD0009"
"859","0",13.8613861386139,4.55445544554455,1.68316831683168,"WAAGVD0010-59066","Shrub","WAAGVD0010"
"860","0",6.03960396039604,9.5049504950495,1.38613861386139,"WAAGVD0011-59062","Shrub","WAAGVD0011"
"861","0",1.98019801980198,24.1584158415842,0.891089108910891,"WAAGVD0012-59063","Shrub","WAAGVD0012"
"862","0",21.8811881188119,19.9009900990099,4.25742574257426,"WAAGVD0014-59068","Tree","WAAGVD0014"
"863","0",2.97029702970297,21.0891089108911,10.8910891089109,"WAAGVD0015-59065","Shrub","WAAGVD0015"
"864","0",4.35643564356436,13.4653465346535,2.57425742574257,"WAAGVD0016-59069","Grass","WAAGVD0016"
"865","0",2.27722772277228,19.3069306930693,0,"WAAGVD0017-59064","Grass","WAAGVD0017"
"866","0",11.0891089108911,38.1188118811881,0,"WAAHAM0001-56964","Shrub","WAAHAM0001"
"867","0",4.95049504950495,28.019801980198,0.297029702970297,"WAAHAM0002-56941","Grass","WAAHAM0002"
"868","0",36.9306930693069,1.98019801980198,0,"WAAHAM0003-56959","Grass","WAAHAM0003"
"869","0",12.2772277227723,23.2673267326733,0,"WAAHAM0004-56942","Shrub","WAAHAM0004"
"870","0",6.53465346534654,49.9009900990099,0.99009900990099,"WAAHAM0005-56961","Grass","WAAHAM0005"
"871","0",1.28712871287129,6.93069306930693,46.4356435643564,"WAAHAM0006-56944","Shrub","WAAHAM0006"
"872","0.396039603960396",3.76237623762376,37.7227722772277,32.3762376237624,"WAAJAF0001-58513","Shrub","WAAJAF0001"
"873","1.48514851485149",10.4950495049505,17.5247524752475,37.8217821782178,"WAAJAF0002-58515","Tree","WAAJAF0002"
"874","0",9.6039603960396,18.5148514851485,15.1485148514851,"WAAJAF0003-58514","Grass","WAAJAF0003"
"875","0",31.5841584158416,34.0594059405941,0.198019801980198,"WAALSD0001-53569","Shrub","WAALSD0001"
"876","0",18.019801980198,15.6435643564356,0,"WAALSD0001-58945","Grass","WAALSD0001"
"877","0",22.5742574257426,42.0792079207921,0,"WAALSD0002-53570","Shrub","WAALSD0002"
"878","0",37.2277227722772,15.6435643564356,0,"WAALSD0003-53571","Grass","WAALSD0003"
"879","0",13.2673267326733,1.28712871287129,0.198019801980198,"WAALSD0003-58975","Grass","WAALSD0003"
"880","0",2.67326732673267,9.10891089108911,2.27722772277228,"WAALSD0004-58947","Shrub","WAALSD0004"
"881","0",0,32.5742574257426,17.029702970297,"WAAMAL0001-56962","Shrub","WAAMAL0001"
"882","0",9.5049504950495,22.3762376237624,6.23762376237624,"WAAMAL0002-58521","Grass","WAAMAL0002"
"883","0",6.53465346534654,38.5148514851485,0,"WAAMAL0003-58522","Grass","WAAMAL0003"
"884","0",21.1881188118812,3.06930693069307,11.7821782178218,"WAAMUR0001-58498","Shrub","WAAMUR0001"
"885","0",31.1881188118812,4.65346534653465,7.92079207920792,"WAAMUR0001-58946","Tree","WAAMUR0001"
"886","0",20.2970297029703,9.10891089108911,4.35643564356436,"WAAMUR0002-58510","Shrub","WAAMUR0002"
"887","0",23.960396039604,14.8514851485149,3.96039603960396,"WAAMUR0002-58976","Tree","WAAMUR0002"
"888","0",12.4752475247525,16.8316831683168,2.07920792079208,"WAAMUR0003-58755","Tree","WAAMUR0003"
"889","0",17.5247524752475,5.24752475247525,0.594059405940594,"WAAMUR0004-58813","Shrub","WAAMUR0004"
"890","0",20.6930693069307,6.93069306930693,1.28712871287129,"WAAMUR0005-58761","Shrub","WAAMUR0005"
"891","0",3.26732673267327,7.52475247524752,0.891089108910891,"WAAMUR0006-58763","Shrub","WAAMUR0006"
"892","0",35.8415841584158,11.1881188118812,3.36633663366337,"WAAMUR0007-58812","Grass","WAAMUR0007"
"893","0",8.21782178217822,5.04950495049505,1.68316831683168,"WAAMUR0008-58765","Grass","WAAMUR0008"
"894","0",38.6138613861386,9.40594059405941,6.63366336633663,"WAAMUR0028-53572","Shrub","WAAMUR0028"
"895","0",30.8910891089109,1.68316831683168,4.15841584158416,"WAAMUR0028-59009","Tree","WAAMUR0028"
"896","0",54.0594059405941,10.2970297029703,2.27722772277228,"WAAMUR0029-53573","Grass","WAAMUR0029"
"897","0",29.6039603960396,5.04950495049505,1.38613861386139,"WAAMUR0029-59010","Shrub","WAAMUR0029"
"898","0",35.1485148514851,10.0990099009901,2.57425742574257,"WAAMUR0030-53464","Grass","WAAMUR0030"
"899","0",14.0594059405941,7.02970297029703,4.95049504950495,"WAAMUR0030-58978","Shrub","WAAMUR0030"
"900","0",50.5940594059406,10.7920792079208,2.77227722772277,"WAAMUR0031-53465","Grass","WAAMUR0031"
"901","0",28.5148514851485,7.92079207920792,1.18811881188119,"WAAMUR0031-58979","Shrub","WAAMUR0031"
"902","0",3.56435643564356,9.9009900990099,24.2574257425743,"WAANOK0001-58752","Shrub","WAANOK0001"
"903","0",7.72277227722772,13.2673267326733,16.1386138613861,"WAANOK0002-58754","Grass","WAANOK0002"
"904","0.099009900990099",23.8613861386139,7.02970297029703,22.3762376237624,"WAANOK0003-58773","Shrub","WAANOK0003"
"905","0",70.7920792079208,5.24752475247525,16.1386138613861,"WAANOK0004-58756","Grass","WAANOK0004"
"906","0",41.8811881188119,8.01980198019802,9.40594059405941,"WAANOK0005-58746","Tree","WAANOK0005"
"907","0.297029702970297",20.3960396039604,12.8712871287129,22.6732673267327,"WAANOK0006-58753","Tree","WAANOK0006"
"908","0",36.2376237623762,4.55445544554455,10.5940594059406,"WAANOK0007-58762","Shrub","WAANOK0007"
"909","0",51.980198019802,1.78217821782178,23.1683168316832,"WAANOK0008-58744","Grass","WAANOK0008"
"910","0",6.23762376237624,27.5247524752475,0,"WAANUL0001-56966","Grass","WAANUL0001"
"911","0",22.8712871287129,9.8019801980198,0,"WAANUL0002-56945","Shrub","WAANUL0002"
"912","0",4.75247524752475,18.6138613861386,9.6039603960396,"WAANUL0003-56946","Tree","WAANUL0003"
"913","0",7.72277227722772,13.0693069306931,5.74257425742574,"WAANUL0004-56967","Grass","WAANUL0004"
"914","0",31.980198019802,9.20792079207921,0.693069306930693,"WAANUL0005-56931","Shrub","WAANUL0005"
"915","0",32.2772277227723,3.36633663366337,0.099009900990099,"WAANUL0006-56929","Grass","WAANUL0006"
"916","0",18.8118811881188,15.049504950495,0,"WAANUL0007-56932","Grass","WAANUL0007"
"917","0",3.76237623762376,7.42574257425743,0,"WAANUL0008-56933","Shrub","WAANUL0008"
"918","0",1.08910891089109,18.8118811881188,0,"WAANUL0009-56934","Shrub","WAANUL0009"
"919","0",38.9108910891089,16.6336633663366,7.12871287128713,"WAAPIL0001-57619","Tree","WAAPIL0001"
"920","0.198019801980198",23.3663366336634,17.029702970297,9.6039603960396,"WAAPIL0001-58982","Tree","WAAPIL0001"
"921","0",45.049504950495,6.13861386138614,6.13861386138614,"WAAPIL0002-57620","Tree","WAAPIL0002"
"922","0",1.58415841584158,0.594059405940594,0.792079207920792,"WAAPIL0003-57601","Grass","WAAPIL0003"
"923","0",28.9108910891089,0.099009900990099,0,"WAAPIL0004-57085","Grass","WAAPIL0004"
"924","0",55.5445544554455,1.68316831683168,0,"WAAPIL0004-58998","Grass","WAAPIL0004"
"925","0",7.12871287128713,27.7227722772277,42.8712871287129,"WAAPIL0005-57618","Grass","WAAPIL0005"
"926","0",25.9405940594059,0.198019801980198,7.02970297029703,"WAAPIL0006-57600","Tree","WAAPIL0006"
"927","0",50.1980198019802,12.8712871287129,0,"WAAPIL0007-57602","Grass","WAAPIL0007"
"928","0",43.1683168316832,0.198019801980198,0,"WAAPIL0008-57605","Grass","WAAPIL0008"
"929","0",35.049504950495,13.1683168316832,2.87128712871287,"WAAPIL0009-57606","Grass","WAAPIL0009"
"930","0",12.0792079207921,18.1188118811881,3.96039603960396,"WAAPIL0010-57607","Tree","WAAPIL0010"
"931","0",4.65346534653465,23.7623762376238,0.099009900990099,"WAAPIL0011-57608","Grass","WAAPIL0011"
"932","0",35.6435643564356,5.74257425742574,6.03960396039604,"WAAPIL0012-57609","Tree","WAAPIL0012"
"933","0",34.8514851485148,8.11881188118812,2.27722772277228,"WAAPIL0012-58983","Shrub","WAAPIL0012"
"934","0",41.0891089108911,2.47524752475248,5.74257425742574,"WAAPIL0013-57610","Tree","WAAPIL0013"
"935","0",31.3861386138614,3.56435643564356,5.74257425742574,"WAAPIL0013-58999","Tree","WAAPIL0013"
"936","0.099009900990099",26.7326732673267,1.48514851485149,21.0891089108911,"WAAPIL0014-57611","Grass","WAAPIL0014"
"937","0.099009900990099",26.1386138613861,1.98019801980198,19.3069306930693,"WAAPIL0014-58984","Grass","WAAPIL0014"
"938","0",61.6831683168317,0,0,"WAAPIL0015-57613","Grass","WAAPIL0015"
"939","0",23.5643564356436,4.15841584158416,52.6732673267327,"WAAPIL0016-57615","Tree","WAAPIL0016"
"940","0",36.4356435643564,10.8910891089109,0.891089108910891,"WAAPIL0017-57616","Grass","WAAPIL0017"
"941","0",20.3960396039604,12.5742574257426,0.99009900990099,"WAAPIL0017-59000","Grass","WAAPIL0017"
"942","0",56.1386138613861,6.13861386138614,7.72277227722772,"WAAPIL0018-57617","Tree","WAAPIL0018"
"943","0",39.009900990099,2.67326732673267,8.01980198019802,"WAAPIL0018-59001","Tree","WAAPIL0018"
"944","0",15.049504950495,8.41584158415842,6.13861386138614,"WAAPIL0019-57614","Shrub","WAAPIL0019"
"945","0",6.83168316831683,14.6534653465347,6.23762376237624,"WAAPIL0019-58985","Grass","WAAPIL0019"
"946","0",19.7029702970297,2.47524752475248,0,"WAAPIL0020-58032","Shrub","WAAPIL0020"
"947","0",3.06930693069307,18.2178217821782,1.48514851485149,"WAAPIL0021-58034","Grass","WAAPIL0021"
"948","0",12.7722772277228,6.93069306930693,18.6138613861386,"WAAPIL0022-58035","Shrub","WAAPIL0022"
"949","0",10.990099009901,10.2970297029703,25.1485148514851,"WAAPIL0023-58036","Tree","WAAPIL0023"
"950","0.099009900990099",30.6930693069307,9.20792079207921,20.6930693069307,"WAAPIL0023-59002","Shrub","WAAPIL0023"
"951","0.198019801980198",8.41584158415842,11.1881188118812,9.00990099009901,"WAAPIL0024-58040","Tree","WAAPIL0024"
"952","0.495049504950495",13.3663366336634,8.21782178217822,12.3762376237624,"WAAPIL0024-58986","Shrub","WAAPIL0024"
"953","0",7.82178217821782,9.7029702970297,37.6237623762376,"WAAPIL0025-58043","Shrub","WAAPIL0025"
"954","0",22.5742574257426,15.4455445544554,36.5346534653465,"WAAPIL0025-59003","Tree","WAAPIL0025"
"955","0",4.35643564356436,14.8514851485149,0.792079207920792,"WAAPIL0026-58044","Grass","WAAPIL0026"
"956","0",15.049504950495,9.7029702970297,2.37623762376238,"WAAPIL0026-59004","Shrub","WAAPIL0026"
"957","0",19.4059405940594,0.495049504950495,0,"WAAPIL0027-58041","Grass","WAAPIL0027"
"958","0",41.1881188118812,0.693069306930693,0,"WAAPIL0027-58987","Grass","WAAPIL0027"
"959","0",0.198019801980198,18.4158415841584,3.26732673267327,"WAAPIL0028-58042","Tree","WAAPIL0028"
"960","0",0.99009900990099,22.0792079207921,6.83168316831683,"WAAPIL0028-58988","Tree","WAAPIL0028"
"961","0.396039603960396",11.3861386138614,4.95049504950495,26.5346534653465,"WAAPIL0029-58045","Shrub","WAAPIL0029"
"962","0",19.7029702970297,3.56435643564356,38.8118811881188,"WAAPIL0029-59005","Tree","WAAPIL0029"
"963","0",42.0792079207921,0.792079207920792,0,"WAAPIL0030-58057","Grass","WAAPIL0030"
"964","0",40.3960396039604,3.66336633663366,8.81188118811881,"WAAPIL0031-58415","Tree","WAAPIL0031"
"965","0",7.42574257425743,6.03960396039604,0.396039603960396,"WAAPIL0032-58416","Grass","WAAPIL0032"
"966","0",12.2772277227723,11.6831683168317,8.41584158415842,"WAAPIL0033-58417","Tree","WAAPIL0033"
"967","0",26.2376237623762,10.4950495049505,0,"WAAPIL0034-58418","Grass","WAAPIL0034"
"968","0",35.5445544554455,1.48514851485149,0.693069306930693,"WAAPIL0035-58419","Grass","WAAPIL0035"
"969","0",8.31683168316832,24.3564356435644,25.2475247524752,"WAASWA0001-58029","Grass","WAASWA0001"
"970","0",11.0891089108911,9.6039603960396,44.1584158415842,"WAASWA0002-58030","Shrub","WAASWA0002"
"971","24.2574257425743",20.1980198019802,0.891089108910891,37.4257425742574,"WAASWA0003-58031","Tree","WAASWA0003"
"972","0",9.00990099009901,30.6930693069307,23.8613861386139,"WAASWA0004-58499","Grass","WAASWA0004"
"973","0",56.9306930693069,0,0,"WAAVIB0001-58494","Grass","WAAVIB0001"
"974","0",78.1188118811881,0,0,"WAAVIB0001-59006","Grass","WAAVIB0001"
"975","0",24.4554455445545,7.42574257425743,3.76237623762376,"WAAVIB0002-58497","Shrub","WAAVIB0002"
"976","0",22.5742574257426,3.56435643564356,2.17821782178218,"WAAVIB0002-59007","Shrub","WAAVIB0002"
"977","0.594059405940594",28.5148514851485,7.72277227722772,23.0693069306931,"WAAVIB0003-58500","Shrub","WAAVIB0003"
"978","0.396039603960396",35.9405940594059,5.34653465346535,18.019801980198,"WAAVIB0003-58989","Shrub","WAAVIB0003"
"979","0",41.5841584158416,11.8811881188119,16.3366336633663,"WAAVIB0004-58504","Grass","WAAVIB0004"
"980","0",8.81188118811881,47.9207920792079,0,"WAAYAL0001-58784","Grass","WAAYAL0001"
"981","0",3.76237623762376,49.009900990099,0,"WAAYAL0002-58818","Shrub","WAAYAL0002"
"982","0",10.7920792079208,52.6732673267327,0,"WAAYAL0003-58780","Shrub","WAAYAL0003"
"983","0",48.1188118811881,27.6237623762376,0,"WAAYAL0004-58820","Grass","WAAYAL0004"
"984","0",16.2376237623762,48.8118811881188,0,"WAAYAL0005-58781","Shrub","WAAYAL0005"
"985","0.099009900990099",10.0990099009901,18.4158415841584,5.24752475247525,"WAAYAL0006-58766","Tree","WAAYAL0006"
"986","0",10.6930693069307,12.6732673267327,0,"WAAYAL0007-58819","Shrub","WAAYAL0007"
"987","0",6.93069306930693,31.5841584158416,0.297029702970297,"WAAYAL0008-58814","Grass","WAAYAL0008"
"988","0",0,4.55445544554455,24.3564356435644,"WAGCOO0001-53613","Shrub","WAGCOO0001"
"989","0",29.5049504950495,23.4653465346535,0,"WAGCOO0002-53614","Grass","WAGCOO0002"
"990","0",15.4455445544554,21.2871287128713,0,"WAGCOO0004-53615","Shrub","WAGCOO0004"
