"","site_location_name","Grass","Shrub","Tree","Other","vegetation_type"
"1","NSABBS0001",5.94059405940594,3.76237623762376,33.5643564356436,0.792079207920792,"Tree"
"2","NSABBS0002",8.71287128712871,24.0594059405941,25.8415841584158,1.98019801980198,"Tree"
"3","NSABBS0003",0.099009900990099,18.1188118811881,40,0,"Tree"
"4","NSABBS0004",0.792079207920792,4.85148514851485,60.3960396039604,0,"Tree"
"5","NSABBS0005",0.198019801980198,16.8316831683168,50.6930693069307,0.198019801980198,"Tree"
"6","NSABBS0006",0.792079207920792,11.1881188118812,59.4059405940594,0.099009900990099,"Tree"
"7","NSABHC0001",10.484668644906,16.3204747774481,0,0,"Shrub"
"8","NSABHC0002",18.4158415841584,12.2772277227723,0,0,"Grass"
"9","NSABHC0003",1.86274509803922,23.4313725490196,0,0,"Shrub"
"10","NSABHC0004",22.7722772277228,13.960396039604,0,0,"Grass"
"11","NSABHC0005",40.2970297029703,6.83168316831683,0,0,"Grass"
"12","NSABHC0006",32.8712871287129,17.6237623762376,0,0,"Grass"
"13","NSABHC0007",20.8910891089109,20.990099009901,0,0,"Shrub"
"14","NSABHC0008",14.4117647058824,17.9411764705882,0,0,"Shrub"
"15","NSABHC0009",28.5148514851485,19.4554455445545,0.198019801980198,0,"Grass"
"16","NSABHC0010",5.93471810089021,9.00098911968348,0,0,"Shrub"
"17","NSABHC0011",15.3921568627451,18.6274509803922,0,0,"Shrub"
"18","NSABHC0012",23.4536983110076,15.0456222092798,0,0,"Grass"
"19","NSABHC0013",14.8221343873518,7.11462450592885,0,0,"Grass"
"20","NSABHC0014",16.7647058823529,9.01960784313725,0,0,"Grass"
"21","NSABHC0015",28.9108910891089,16.4356435643564,0,0,"Grass"
"22","NSABHC0016",3.06930693069307,8.21782178217822,0,0,"Shrub"
"23","NSABHC0017",18.4158415841584,3.76237623762376,0,0,"Grass"
"24","NSABHC0018",16.9306930693069,8.91089108910891,0,0,"Grass"
"25","NSABHC0019",24.950495049505,10.990099009901,0,0,"Grass"
"26","NSABHC0020",25.5445544554455,5.44554455445545,0,0,"Grass"
"27","NSABHC0021",20.3960396039604,1.58415841584158,0,0.099009900990099,"Grass"
"28","NSABHC0022",2.57425742574257,10.8910891089109,0,0,"Shrub"
"29","NSABHC0023",12.970297029703,4.95049504950495,0,0.099009900990099,"Grass"
"30","NSABHC0024",19.2079207920792,2.97029702970297,0,0,"Grass"
"31","NSABHC0025",21.4851485148515,1.78217821782178,0,0,"Grass"
"32","NSABHC0026",22.4752475247525,7.22772277227723,0,0,"Grass"
"33","NSABHC0028",2.97029702970297,5.94059405940594,9.8019801980198,0,"Tree"
"34","NSABHC0029",8.61386138613861,2.07920792079208,68.019801980198,0,"Tree"
"35","NSACHC0001",0.99009900990099,5.34653465346535,0,0,"Shrub"
"36","NSACHC0002",2.07920792079208,10.1980198019802,14.9504950495049,0,"Tree"
"37","NSACHC0003",1.08910891089109,6.33663366336634,15.7425742574257,0,"Tree"
"38","NSACHC0004",0.594059405940594,23.1683168316832,0.891089108910891,0,"Shrub"
"39","NSACOP0001",1.18811881188119,0,12.1782178217822,0,"Tree"
"40","NSACOP0002",0.297029702970297,0.396039603960396,30.0990099009901,0,"Tree"
"41","NSAMDD0001",37.6237623762376,9.10891089108911,0,0.198019801980198,"Grass"
"42","NSAMDD0002",17.6237623762376,2.77227722772277,42.6732673267327,0,"Tree"
"43","NSAMDD0003",5.04950495049505,50.990099009901,0.792079207920792,0,"Shrub"
"44","NSAMDD0004",12.3762376237624,18.4158415841584,10.5940594059406,0,"Shrub"
"45","NSAMDD0005",3.96039603960396,5.34653465346535,24.6534653465347,0,"Tree"
"46","NSAMDD0006",1.38613861386139,29.1089108910891,11.7821782178218,0.099009900990099,"Shrub"
"47","NSAMDD0007",8.81188118811881,22.2772277227723,13.6633663366337,0,"Shrub"
"48","NSAMDD0008",0.792079207920792,28.9108910891089,2.87128712871287,0,"Shrub"
"49","NSAMDD0009",0,3.66336633663366,29.9009900990099,0.693069306930693,"Tree"
"50","NSAMDD0010",33.4653465346535,22.7722772277228,0.297029702970297,0,"Grass"
"51","NSAMDD0011",11.6831683168317,1.38613861386139,15.049504950495,0,"Tree"
"52","NSAMDD0012",0,7.52475247524752,0,0,"Shrub"
"53","NSAMDD0013",10,12.2772277227723,11.4851485148515,0,"Shrub"
"54","NSAMDD0014",32.4752475247525,2.47524752475248,23.7623762376238,0,"Grass"
"55","NSAMDD0015",0.099009900990099,7.02970297029703,24.6534653465347,0,"Tree"
"56","NSAMDD0016",27.3267326732673,10.7920792079208,0,0,"Grass"
"57","NSAMDD0017",2.97029702970297,8.21782178217822,22.6732673267327,0.099009900990099,"Tree"
"58","NSAMDD0018",1.68316831683168,22.6732673267327,29.9009900990099,0.297029702970297,"Tree"
"59","NSAMDD0019",33.6633663366337,0.297029702970297,0.99009900990099,0,"Grass"
"60","NSAMDD0020",11.1881188118812,4.15841584158416,25.9405940594059,0,"Tree"
"61","NSAMDD0021",16.5346534653465,3.96039603960396,10.5940594059406,0,"Grass"
"62","NSAMDD0022",1.6260162601626,47.5609756097561,17.5813008130081,0.101626016260163,"Shrub"
"63","NSAMDD0023",19.6039603960396,9.30693069306931,12.970297029703,0.099009900990099,"Grass"
"64","NSAMDD0024",12.0792079207921,23.8613861386139,0.99009900990099,0,"Shrub"
"65","NSAMDD0025",9.30693069306931,2.67326732673267,16.039603960396,0,"Tree"
"66","NSAMDD0026",16.4356435643564,7.52475247524752,0,0,"Grass"
"67","NSAMDD0027",0.792079207920792,2.97029702970297,29.1089108910891,0.495049504950495,"Tree"
"68","NSAMDD0028",1.88118811881188,25.9405940594059,0,0,"Shrub"
"69","NSAMDD0029",11.7821782178218,15.6435643564356,0,0,"Shrub"
"70","NSAMDD0030",3.26732673267327,10.6930693069307,18.019801980198,0,"Tree"
"71","NSAMDD0031",0.594059405940594,22.8712871287129,11.6831683168317,0,"Shrub"
"72","NSAMDD0032",5.64356435643564,3.66336633663366,31.4851485148515,0,"Tree"
"73","NSAMUL0001",0.099009900990099,24.0594059405941,0.297029702970297,0,"Shrub"
"74","NSAMUL0002",2.77227722772277,17.1287128712871,19.2079207920792,0,"Tree"
"75","NSAMUL0003",0.594059405940594,7.32673267326733,16.3366336633663,1.78217821782178,"Tree"
"76","NSAMUL0004",0.495049504950495,0.495049504950495,40.8910891089109,0.099009900990099,"Tree"
"77","NSANAN0001",36.8316831683168,7.72277227722772,61.8811881188119,0,"Tree"
"78","NSANAN0002",5.44554455445545,2.87128712871287,46.8316831683168,0,"Tree"
"79","NSANET0001",9.9009900990099,19.2079207920792,44.7524752475248,0,"Tree"
"80","NSANSS0001",33.1683168316832,2.67326732673267,58.4158415841584,0.198019801980198,"Tree"
"81","NSANSS0002",6.03960396039604,3.26732673267327,57.9207920792079,0,"Tree"
"82","NSTNSS0001",5.55555555555556,6.48148148148148,50.9259259259259,0,"Tree"
"83","NSTSYB0001",24.5544554455446,61.5841584158416,38.9108910891089,0.297029702970297,"Shrub"
"84","NSTSYB0002",18.1188118811881,61.2871287128713,64.4554455445545,0.891089108910891,"Tree"
"85","NSTSYB0003",14.7524752475248,57.7227722772277,57.1287128712871,0.099009900990099,"Shrub"
"86","NSTSYB0004",20.0990099009901,50.6930693069307,71.2871287128713,0.891089108910891,"Tree"
"87","NSTSYB0005",32.3762376237624,45.9405940594059,49.2079207920792,0.495049504950495,"Tree"
"88","NSTSYB0006",6.83168316831683,36.1386138613861,55.2475247524753,4.25742574257426,"Tree"
"89","NSTSYB0007",45.7425742574257,21.1881188118812,56.2376237623762,0.297029702970297,"Tree"
"90","NSTSYB0008",28.1188118811881,2.97029702970297,55.3465346534654,0,"Tree"
"91","NSTSYB0009",40.0990099009901,50.4950495049505,26.7326732673267,0.396039603960396,"Shrub"
"92","NTAARP0001",35.9405940594059,7.32673267326733,44.7524752475248,0,"Tree"
"93","NTAARP0002",31.0891089108911,6.63366336633663,23.6633663366337,0,"Grass"
"94","NTAARP0003",8.01980198019802,4.05940594059406,19.4059405940594,0.099009900990099,"Tree"
"95","NTAARP0004",37.7227722772277,19.4554455445545,26.6831683168317,0,"Grass"
"96","NTAARP0005",36.4851485148515,25.5445544554455,40.4455445544554,0,"Tree"
"97","NTABRT0001",23.3663366336634,27.1287128712871,8.36633663366337,0.0495049504950495,"Shrub"
"98","NTABRT0002",21.3366336633663,34.1089108910891,11.980198019802,0.346534653465347,"Shrub"
"99","NTABRT0003",32.1782178217822,20.0990099009901,11.1881188118812,0.099009900990099,"Grass"
"100","NTABRT0004",22.4364383911136,29.7182290082328,0,0,"Shrub"
"101","NTABRT0005",35.990099009901,1.73267326732673,1.13861386138614,0,"Grass"
"102","NTABRT0006",27.4257425742574,32.7227722772277,1.03960396039604,0,"Shrub"
"103","NTABRT0007",36.3366336633663,0.99009900990099,0.297029702970297,0,"Grass"
"104","NTABRT0008",10.6930693069307,17.1287128712871,0,0,"Shrub"
"105","NTADAC0001",78.6138613861386,21.4851485148515,29.8019801980198,0,"Grass"
"106","NTADAC0002",38.7128712871287,24.0594059405941,26.6336633663366,0,"Grass"
"107","NTADMR0001",22.0792079207921,4.75247524752475,0.099009900990099,0,"Grass"
"108","NTADMR0002",24.950495049505,2.87128712871287,0.396039603960396,0,"Grass"
"109","NTAFIN0001",15.6765676567657,1.84818481848185,0.165016501650165,0,"Grass"
"110","NTAFIN0002",41.1209719195019,14.9113341738912,13.511316580819,0.0329055610398157,"Grass"
"111","NTAFIN0003",10.3300330033003,4.15841584158416,13.3333333333333,0,"Tree"
"112","NTAFIN0004",15.4455445544554,35.6435643564356,6.10561056105611,0.396039603960396,"Shrub"
"113","NTAFIN0005",13.6834695374299,10.8332023678558,2.70666352349521,0,"Grass"
"114","NTAFIN0006",12.046204620462,1.71617161716172,0.165016501650165,0,"Grass"
"115","NTAFIN0007",10.6930693069307,3.76237623762376,0.099009900990099,0,"Grass"
"116","NTAFIN0008",30.0990099009901,2.64026402640264,0,0,"Grass"
"117","NTAFIN0009",11.023102310231,14.4224422442244,2.70627062706271,0,"Shrub"
"118","NTAFIN0010",17.5907590759076,5.57755775577558,0.099009900990099,0,"Grass"
"119","NTAFIN0011",28.3752170397763,16.842220366615,1.26293954696674,0,"Grass"
"120","NTAFIN0012",40.8910891089109,6.33663366336634,0,0,"Grass"
"121","NTAFIN0013",8.41584158415842,10.0990099009901,24.0594059405941,0,"Tree"
"122","NTAFIN0014",37.2277227722772,2.47524752475248,6.73267326732673,0.099009900990099,"Grass"
"123","NTAFIN0015",13.4653465346535,3.06930693069307,31.0891089108911,0,"Tree"
"124","NTAFIN0016",26.039603960396,4.05940594059406,0,0,"Grass"
"125","NTAFIN0017",23.4653465346535,0,12.1782178217822,0,"Grass"
"126","NTAFIN0018",9.9009900990099,23.8613861386139,0.099009900990099,0,"Shrub"
"127","NTAFIN0019",43.3663366336634,3.96039603960396,11.1881188118812,0.099009900990099,"Grass"
"128","NTAFIN0020",45.3465346534653,0.198019801980198,7.42574257425743,0,"Grass"
"129","NTAFIN0021",7.82178217821782,4.35643564356436,0,0,"Grass"
"130","NTAFIN0022",10.4950495049505,16.7326732673267,0,0,"Shrub"
"131","NTAFIN0023",28.8118811881188,5.64356435643564,10.0990099009901,0.297029702970297,"Grass"
"132","NTAFIN0024",1.38613861386139,11.980198019802,12.8712871287129,0,"Tree"
"133","NTAFIN0025",22.2772277227723,13.960396039604,0,0,"Grass"
"134","NTAFIN0026",32.1782178217822,20.2970297029703,0.198019801980198,0,"Grass"
"135","NTAFIN0027",42.5742574257426,0.693069306930693,0,0,"Grass"
"136","NTAFIN0028",7.32673267326733,7.52475247524752,0,0,"Shrub"
"137","NTAFIN0029",20.990099009901,2.47524752475248,0,0,"Grass"
"138","NTAFIN0030",11.8811881188119,41.5841584158416,0,0,"Shrub"
"139","NTAFIN0031",4.45544554455445,13.3663366336634,0,0,"Shrub"
"140","NTAFIN0032",27.1287128712871,22.970297029703,0,0,"Grass"
"141","NTAFIN0033",27.6237623762376,13.3663366336634,2.67326732673267,0,"Grass"
"142","NTAGFU0001",42.0792079207921,9.6039603960396,6.63366336633663,0,"Grass"
"143","NTAGFU0002",40.3960396039604,2.37623762376238,9.40594059405941,0,"Grass"
"144","NTAGFU0003",27.3267326732673,0.495049504950495,24.2574257425743,0,"Grass"
"145","NTAGFU0004",27.2277227722772,2.67326732673267,0.396039603960396,0,"Grass"
"146","NTAGFU0005",40.990099009901,17.8217821782178,13.960396039604,0,"Grass"
"147","NTAGFU0006",70.990099009901,2.77227722772277,6.33663366336634,0,"Grass"
"148","NTAGFU0007",41.1881188118812,4.35643564356436,0,0,"Grass"
"149","NTAGFU0008",35.7425742574257,0.198019801980198,1.88118811881188,0,"Grass"
"150","NTAGFU0009",35.4455445544554,8.81188118811881,12.8712871287129,0,"Grass"
"151","NTAGFU0010",41.3861386138614,0,18.8118811881188,0.198019801980198,"Grass"
"152","NTAGFU0011",52.0792079207921,14.5544554455446,8.61386138613861,0,"Grass"
"153","NTAGFU0012",36.6336633663366,2.37623762376238,17.9207920792079,0,"Grass"
"154","NTAGFU0013",49.9009900990099,25.2475247524752,2.17821782178218,0,"Grass"
"155","NTAGFU0014",24.4554455445545,1.68316831683168,13.1683168316832,0,"Grass"
"156","NTAGFU0015",48.2178217821782,10.1980198019802,8.91089108910891,0,"Grass"
"157","NTAGFU0016",42.814667988107,19.4251734390486,0.792864222001982,0,"Grass"
"158","NTAGFU0017",51.980198019802,30.7920792079208,4.55445544554455,0,"Grass"
"159","NTAGFU0018",28.8118811881188,0.099009900990099,37.7227722772277,0,"Tree"
"160","NTAGFU0019",46.3366336633663,9.8019801980198,11.5841584158416,0,"Grass"
"161","NTAGFU0020",60.5940594059406,35.4455445544554,0.891089108910891,0,"Grass"
"162","NTAGFU0021",36.4356435643564,24.4554455445545,6.13861386138614,0,"Grass"
"163","NTAGFU0022",39.4059405940594,0.198019801980198,13.3663366336634,0,"Grass"
"164","NTAGFU0023",29.8019801980198,44.4554455445545,0.891089108910891,0,"Shrub"
"165","NTAGFU0024",36.4356435643564,13.6633663366337,4.55445544554455,0,"Grass"
"166","NTAGFU0025",51.5841584158416,54.3564356435644,0.495049504950495,0,"Shrub"
"167","NTAGFU0026",59.2079207920792,3.16831683168317,17.1287128712871,0,"Grass"
"168","NTAGFU0027",41.4851485148515,18.019801980198,8.01980198019802,0,"Grass"
"169","NTAGFU0028",38.8118811881188,9.5049504950495,13.2673267326733,0,"Grass"
"170","NTAGFU0029",60.4950495049505,2.47524752475248,12.4752475247525,0,"Grass"
"171","NTAGFU0030",30.2970297029703,2.97029702970297,48.8118811881188,0.198019801980198,"Tree"
"172","NTAGFU0031",31.0891089108911,29.6039603960396,1.98019801980198,0,"Grass"
"173","NTAGFU0032",35.8415841584158,16.7326732673267,0.198019801980198,0,"Grass"
"174","NTAGFU0033",6.43564356435644,3.56435643564356,68.8118811881188,0,"Tree"
"175","NTAGFU0034",13.1683168316832,16.8316831683168,20.2970297029703,0,"Tree"
"176","NTAGFU0035",23.6633663366337,5.44554455445545,18.4158415841584,0,"Grass"
"177","NTAGFU0036",19.1089108910891,2.37623762376238,41.1881188118812,0.099009900990099,"Tree"
"178","NTAGFU0037",48.019801980198,15.049504950495,17.8217821782178,0,"Grass"
"179","NTAGFU0038",22.1782178217822,3.76237623762376,49.9009900990099,0,"Tree"
"180","NTAGFU0039",67.8217821782178,5.64356435643564,10.5940594059406,0,"Grass"
"181","NTAGFU0040",34.7524752475247,42.5742574257426,24.3564356435644,0,"Shrub"
"182","NTAGFU0041",63.0693069306931,6.23762376237624,23.6633663366337,0,"Grass"
"183","NTAMAC0001",28.019801980198,13.2673267326733,1.38613861386139,0,"Grass"
"184","NTAMAC0002",8.81188118811881,1.18811881188119,18.9108910891089,0,"Tree"
"185","NTAMAC0003",41.3247622660906,3.35189514007025,1.17490117367732,0.123609394313968,"Grass"
"186","NTAMGD0001",24.0594059405941,13.0693069306931,14.7524752475248,0,"Grass"
"187","NTAMGD0002",33.7623762376238,0.495049504950495,0,0,"Grass"
"188","NTAMGD0003",31.7821782178218,8.11881188118812,8.01980198019802,0,"Grass"
"189","NTAMGD0004",44.2574257425743,4.75247524752475,3.66336633663366,0,"Grass"
"190","NTAMGD0005",31.2871287128713,24.0594059405941,6.33663366336634,0,"Grass"
"191","NTAPCK0001",40.2970297029703,35.2475247524752,25.9405940594059,0,"Grass"
"192","NTAPCK0002",42.0792079207921,12.1782178217822,25.1485148514851,0,"Grass"
"193","NTAPCK0003",58.7128712871287,19.7029702970297,41.5841584158416,0,"Grass"
"194","NTAPCK0004",59.8514851485149,15.049504950495,31.039603960396,0,"Grass"
"195","NTAPCK0005",4.15841584158416,5.64356435643564,17.6237623762376,0,"Tree"
"196","NTAPCK0006",64.5049504950495,15.2970297029703,9.50495049504951,0,"Grass"
"197","NTAPCK0007",59.3069306930693,17.9207920792079,31.7821782178218,0,"Grass"
"198","NTAPCK1009",56.9306930693069,21.7821782178218,14.8514851485149,0,"Grass"
"199","NTAPCK1010",32.970297029703,28.4158415841584,28.3168316831683,0,"Grass"
"200","NTAPCK1011",37.6237623762376,15.7425742574257,34.7524752475247,0,"Grass"
"201","NTAPCK1012",35.4455445544554,19.3069306930693,44.1584158415842,0,"Tree"
"202","NTAPCK2013",46.4356435643564,20.990099009901,41.980198019802,0,"Grass"
"203","NTAPCK2014",55.6435643564356,15.5445544554455,30.3960396039604,0,"Grass"
"204","NTASSD0001",34.0637450199203,13.7450199203187,0,0,"Grass"
"205","NTASSD0003",20.812685827552,13.7760158572844,0,0,"Grass"
"206","NTASSD0004",16.9306930693069,16.8316831683168,0,0,"Grass"
"207","NTASSD0005",16.9306930693069,4.25742574257426,0,0,"Grass"
"208","NTASSD0006",15.5445544554455,0.99009900990099,0,0,"Grass"
"209","NTASSD0007",20.2970297029703,1.58415841584158,0,0,"Grass"
"210","NTASSD0008",16.2376237623762,7.72277227722772,0,0,"Grass"
"211","NTASSD0009",19.1089108910891,3.86138613861386,0,0,"Grass"
"212","NTASSD0010",20.3171456888008,2.67591674925669,0,0,"Grass"
"213","NTASSD0011",1.28712871287129,0.099009900990099,0,0,"Grass"
"214","NTASSD0012",6.73267326732673,0.198019801980198,0,0,"Grass"
"215","NTASSD0013",0.99009900990099,1.18811881188119,0,0,"Shrub"
"216","NTASSD0014",5.04950495049505,3.46534653465347,0,0,"Grass"
"217","NTASSD0015",7.52475247524752,5.34653465346535,1.28712871287129,0,"Grass"
"218","NTASSD0016",1.78217821782178,1.68316831683168,0,0,"Grass"
"219","NTASSD0017",2.07920792079208,8.11881188118812,0,0,"Shrub"
"220","NTASSD0018",5.84158415841584,0,0,0,"Grass"
"221","NTASSD0019",2.17821782178218,5.44554455445545,1.38613861386139,0,"Shrub"
"222","NTASTU0001",17.4257425742574,1.98019801980198,14.1584158415842,0,"Grass"
"223","NTASTU0002",34.950495049505,2.87128712871287,19.9009900990099,0,"Grass"
"224","NTASTU0003",56.3366336633663,5.34653465346535,18.019801980198,0,"Grass"
"225","NTASTU0004",63.960396039604,10.2970297029703,19.5049504950495,0,"Grass"
"226","NTASTU0005",35.9405940594059,9.5049504950495,21.4851485148515,0,"Grass"
"227","NTATAN0001",17.7227722772277,34.3564356435644,0.99009900990099,0,"Shrub"
"228","NTATAN0002",27.1287128712871,29.9009900990099,1.18811881188119,0,"Shrub"
"229","NTATAN0003",28.9108910891089,5.04950495049505,0.792079207920792,0,"Grass"
"230","NTATAN0004",24.8514851485149,1.88118811881188,0.792079207920792,0,"Grass"
"231","NTTDAB0001",17.9207920792079,27.1287128712871,31.6831683168317,0,"Tree"
"232","NTTDAC0001",45.4455445544554,22.0792079207921,37.7227722772277,0,"Grass"
"233","NTTDMR0001",36.3366336633663,16.1386138613861,3.86138613861386,0,"Grass"
"234","NTTDMR0002",43.8613861386139,3.76237623762376,7.12871287128713,0,"Grass"
"235","NTTDMR0003",46.4356435643564,5.14851485148515,4.45544554455445,0,"Grass"
"236","NTTMGD0001",41.8316831683168,2.97029702970297,9.9009900990099,0,"Grass"
"237","NTTPCK0001",50.3960396039604,23.5643564356436,46.9306930693069,0,"Grass"
"238","NTTSTU0001",38.4158415841584,5.34653465346535,50,0.594059405940594,"Tree"
"239","QDABBN0001",12.5742574257426,38.7128712871287,33.8613861386139,14.6534653465347,"Shrub"
"240","QDABBN0002",16.6336633663366,11.4851485148515,42.7722772277228,0.198019801980198,"Tree"
"241","QDABBS0001",83.1683168316832,1.28712871287129,0,0,"Grass"
"242","QDABBS0002",52.6732673267327,10.1980198019802,0,0,"Grass"
"243","QDABBS0003",38.1188118811881,18.7128712871287,53.0693069306931,0.495049504950495,"Tree"
"244","QDABBS0004",48.6138613861386,7.82178217821782,29.009900990099,0,"Grass"
"245","QDABBS0005",39.5049504950495,4.05940594059406,31.1881188118812,0.099009900990099,"Grass"
"246","QDABBS0006",58.4158415841584,1.28712871287129,21.5841584158416,0,"Grass"
"247","QDABBS0007",32.6732673267327,6.63366336633663,14.6534653465347,0,"Grass"
"248","QDABBS0008",66.3366336633663,16.2376237623762,9.00990099009901,0,"Grass"
"249","QDABBS0009",42.3762376237624,14.3564356435644,39.009900990099,0.099009900990099,"Grass"
"250","QDABBS0010",43.0693069306931,59.009900990099,39.009900990099,0.396039603960396,"Shrub"
"251","QDACHC0001",2.07920792079208,2.27722772277228,7.52475247524752,0,"Tree"
"252","QDACHC0002",0.198019801980198,8.51485148514852,10.8910891089109,0.198019801980198,"Tree"
"253","QDACHC0003",5.34653465346535,2.37623762376238,10.5940594059406,0,"Tree"
"254","QDACHC0004",13.9658848614072,3.62473347547974,7.56929637526652,0,"Grass"
"255","QDACHC0005",7.22772277227723,0.792079207920792,0.99009900990099,0,"Grass"
"256","QDACHC0006",9.8019801980198,4.15841584158416,0,0,"Grass"
"257","QDACHC0007",7.22772277227723,4.15841584158416,0,0,"Grass"
"258","QDACYP0001",2.97029702970297,62.970297029703,0.495049504950495,4.45544554455445,"Shrub"
"259","QDACYP0002",26.3366336633663,56.2376237623762,1.28712871287129,0.198019801980198,"Shrub"
"260","QDACYP0003",37.4257425742574,74.1584158415842,0.693069306930693,4.95049504950495,"Shrub"
"261","QDACYP0004",44.2574257425743,10.1980198019802,26.039603960396,0.099009900990099,"Grass"
"262","QDACYP0005",56.1386138613861,9.30693069306931,28.4158415841584,0,"Grass"
"263","QDACYP0006",53.3663366336634,11.8811881188119,27.4257425742574,0,"Grass"
"264","QDACYP0007",63.1683168316832,16.6336633663366,41.6831683168317,1.48514851485149,"Grass"
"265","QDACYP0008",27.9207920792079,24.5544554455446,30,0,"Tree"
"266","QDACYP0009",61.4851485148515,6.53465346534654,32.7722772277228,0.594059405940594,"Grass"
"267","QDACYP0010",88.3168316831683,6.73267326732673,0.198019801980198,0,"Grass"
"268","QDACYP0011",63.2673267326733,6.03960396039604,30.4950495049505,0.198019801980198,"Grass"
"269","QDACYP0012",6.27062706270627,62.3762376237624,79.8679867986799,0.33003300330033,"Tree"
"270","QDACYP0013",60.7920792079208,5.94059405940594,31.4851485148515,0,"Grass"
"271","QDACYP0014",64.3564356435644,5.24752475247525,35.6435643564356,0,"Grass"
"272","QDACYP0015",56.1386138613861,0.396039603960396,24.7524752475248,0,"Grass"
"273","QDACYP0016",31.3861386138614,34.3564356435644,55.3465346534654,0,"Tree"
"274","QDACYP0017",31.8811881188119,52.6732673267327,21.8811881188119,0.099009900990099,"Shrub"
"275","QDACYP0018",22.1782178217822,44.2574257425743,34.1584158415842,0,"Shrub"
"276","QDACYP0019",45.5445544554455,37.5247524752475,5.14851485148515,0.495049504950495,"Grass"
"277","QDACYP0020",18.7128712871287,33.2673267326733,39.3069306930693,0,"Tree"
"278","QDACYP0021",32.7037773359841,18.389662027833,48.6083499005964,0,"Tree"
"279","QDACYP0022",52.970297029703,7.12871287128713,37.4257425742574,0,"Grass"
"280","QDACYP0023",55.7425742574257,9.6039603960396,41.6831683168317,0,"Grass"
"281","QDACYP0024",48.019801980198,7.72277227722772,48.4158415841584,0.099009900990099,"Tree"
"282","QDADEU0001",70.2970297029703,2.17821782178218,4.45544554455445,0,"Grass"
"283","QDAEIU0001",56.5346534653465,0.396039603960396,0,0,"Grass"
"284","QDAEIU0002",49.7029702970297,0.396039603960396,7.62376237623762,0,"Grass"
"285","QDAEIU0003",50,0.533049040511727,4.58422174840085,0,"Grass"
"286","QDAEIU0004",77.3267326732673,0.198019801980198,10.2970297029703,0,"Grass"
"287","QDAEIU0005",6.23762376237624,0,0.297029702970297,0,"Grass"
"288","QDAEIU0006",22.7722772277228,5.54455445544555,40.0990099009901,0,"Tree"
"289","QDAEIU0007",20.4950495049505,6.83168316831683,39.7029702970297,0,"Tree"
"290","QDAEIU0008",41.2121212121212,33.1313131313131,6.26262626262626,0,"Grass"
"291","QDAEIU0009",76.2376237623762,6.73267326732673,3.46534653465347,0,"Grass"
"292","QDAEIU0010",36.4717542120912,19.2269573835481,27.9484638255699,0,"Grass"
"293","QDAGUP0001",16.2376237623762,21.1881188118812,11.8811881188119,0.099009900990099,"Shrub"
"294","QDAGUP0002",10.1980198019802,7.42574257425743,16.2376237623762,0.099009900990099,"Tree"
"295","QDAGUP0003",8.31683168316832,10.2970297029703,18.1188118811881,0,"Tree"
"296","QDAGUP0004",2.87128712871287,5.44554455445545,13.3663366336634,0,"Tree"
"297","QDAGUP0005",0.297029702970297,19.4059405940594,24.3564356435644,0,"Tree"
"298","QDAGUP0006",0.198019801980198,11.3861386138614,12.1782178217822,0,"Tree"
"299","QDAGUP0007",42.4752475247525,0.198019801980198,0,0,"Grass"
"300","QDAGUP0008",19.4059405940594,16.9306930693069,12.3762376237624,0,"Grass"
"301","QDAGUP0009",47.4257425742574,0.396039603960396,0.396039603960396,0,"Grass"
"302","QDAGUP0010",6.13861386138614,19.7029702970297,3.06930693069307,0,"Shrub"
"303","QDAGUP0011",23.0693069306931,13.8613861386139,19.1089108910891,0,"Grass"
"304","QDAGUP0012",21.8811881188119,2.27722772277228,2.57425742574257,0,"Grass"
"305","QDAGUP0013",24.3564356435644,0.198019801980198,0.198019801980198,0,"Grass"
"306","QDAGUP0014",47.5247524752475,0,0,0,"Grass"
"307","QDAGUP0015",62.5742574257426,0.99009900990099,0,0,"Grass"
"308","QDAGUP0016",44.4554455445545,3.36633663366337,9.00990099009901,0,"Grass"
"309","QDAGUP0017",40.7920792079208,6.03960396039604,0,1.28712871287129,"Grass"
"310","QDAGUP0018",31.2871287128713,6.83168316831683,21.2871287128713,0,"Grass"
"311","QDAGUP0019",18.9108910891089,10.5940594059406,0,0,"Grass"
"312","QDAGUP0020",48.2178217821782,9.20792079207921,0,0,"Grass"
"313","QDAGUP0021",4.45544554455445,17.4257425742574,18.8118811881188,0.198019801980198,"Tree"
"314","QDAGUP0022",22.0792079207921,14.6534653465347,0,0,"Grass"
"315","QDAGUP0023",58.2178217821782,0,0,0,"Grass"
"316","QDAGUP0024",10.0990099009901,9.30693069306931,0,0,"Grass"
"317","QDAGUP0025",27.8217821782178,10.1980198019802,13.5643564356436,0,"Grass"
"318","QDAGUP0026",40.1287553648069,6.65236051502146,4.82832618025751,0.107296137339056,"Grass"
"319","QDAGUP0027",0.594059405940594,10.7920792079208,47.7227722772277,0.099009900990099,"Tree"
"320","QDAGUP0028",2.07920792079208,25.4455445544554,25.6435643564356,0,"Tree"
"321","QDAGUP0029",18.5148514851485,8.11881188118812,2.37623762376238,0,"Grass"
"322","QDAGUP0030",21.0891089108911,7.32673267326733,7.42574257425743,0,"Grass"
"323","QDAGUP0031",20.1980198019802,4.25742574257426,8.81188118811881,0,"Grass"
"324","QDAMGD0001",31.5841584158416,0.99009900990099,0,0,"Grass"
"325","QDAMGD0002",23.5643564356436,5.54455445544555,13.7623762376238,0,"Grass"
"326","QDAMGD0003",40.7920792079208,0,0,0,"Grass"
"327","QDAMGD0004",11.2871287128713,7.22772277227723,9.20792079207921,0.099009900990099,"Grass"
"328","QDAMGD0005",26.1386138613861,4.75247524752475,12.5742574257426,0.297029702970297,"Grass"
"329","QDAMGD0006",24.2574257425743,0,0,0,"Grass"
"330","QDAMGD0007",25.7425742574257,0.792079207920792,0.792079207920792,0,"Grass"
"331","QDAMGD0008",20.8910891089109,0,0,0,"Grass"
"332","QDAMGD0009",7.12871287128713,2.47524752475248,0,0,"Grass"
"333","QDAMGD0010",10.5940594059406,14.5544554455446,13.6633663366337,13.5643564356436,"Shrub"
"334","QDAMGD0011",13.7623762376238,0.297029702970297,0,0,"Grass"
"335","QDAMGD0012",1.78217821782178,16.6336633663366,4.05940594059406,0.198019801980198,"Shrub"
"336","QDAMGD0013",13.4653465346535,0.198019801980198,0,0,"Grass"
"337","QDAMGD0014",14.2574257425743,0,0,0,"Grass"
"338","QDAMGD0015",4.75718533201189,2.37859266600595,9.21704658077304,0.0991080277502478,"Tree"
"339","QDAMGD0016",7.82178217821782,2.97029702970297,8.41584158415842,0.099009900990099,"Tree"
"340","QDAMGD0017",19.9009900990099,0.099009900990099,0,0,"Grass"
"341","QDAMGD0018",37.6237623762376,0,0,0,"Grass"
"342","QDAMGD0019",18.7128712871287,0,0,0,"Grass"
"343","QDAMGD0020",5.74257425742574,0.396039603960396,16.4356435643564,0,"Tree"
"344","QDAMGD0021",18.1188118811881,0,0,0,"Grass"
"345","QDAMGD0022",17.029702970297,0.297029702970297,0,0,"Grass"
"346","QDAMGD0023",37.8217821782178,8.81188118811881,14.9504950495049,0,"Grass"
"347","QDAMGD0024",5.94059405940594,0.396039603960396,1.18811881188119,0,"Grass"
"348","QDAMGD0025",0.99009900990099,5.24752475247525,22.3762376237624,0.198019801980198,"Tree"
"349","QDAMGD0026",1.18811881188119,4.25742574257426,16.1386138613861,0,"Tree"
"350","QDAMGD0027",30.990099009901,2.17821782178218,0.099009900990099,0,"Grass"
"351","QDAMGD0028",39.7029702970297,0.594059405940594,0,0,"Grass"
"352","QDAMII0001",4.85148514851485,2.37623762376238,1.98019801980198,0,"Grass"
"353","QDAMII0002",22.2772277227723,3.66336633663366,3.26732673267327,0,"Grass"
"354","QDAMUL0001",0.891089108910891,15.3465346534653,43.6633663366337,0,"Tree"
"355","QDAMUL0002",0,0,48.8118811881188,0,"Tree"
"356","QDAMUL0003",7.12871287128713,6.93069306930693,44.5544554455446,0.099009900990099,"Tree"
"357","QDASEQ0001",37.029702970297,22.6732673267327,81.4851485148515,0.396039603960396,"Tree"
"358","QDASEQ0002",96.2376237623762,2.97029702970297,0,0.594059405940594,"Grass"
"359","QDASEQ0003",31.0891089108911,14.8514851485149,80.5940594059406,0.297029702970297,"Tree"
"360","QDASEQ0004",29.009900990099,28.4158415841584,72.3762376237624,0.099009900990099,"Tree"
"361","QDASSD0001",41.3087424081567,2.99473192039716,0,0,"Grass"
"362","QDASSD0002",25.9572265452512,6.09180739679518,2.17895377248329,0,"Grass"
"363","QDASSD0003",25.018631685127,8.01647227037244,6.58347288734808,0,"Grass"
"364","QDASSD0004",49.2574257425743,1.78217821782178,0,0,"Grass"
"365","QDASSD0005",10.7444077741107,12.5522552255226,9.35826916024936,0,"Shrub"
"366","QDASSD0006",32.0544554455446,5.42079207920792,0,0,"Grass"
"367","QDASSD0007",21.1633663366337,4.67821782178218,10.8415841584158,0,"Grass"
"368","QDASSD0008",40.2970297029703,10.3300330033003,0.033003300330033,0,"Grass"
"369","QDASSD0009",41.6584158415842,0.841584158415842,19.9257425742574,3.36633663366337,"Grass"
"370","QDASSD0010",23.5981120411347,9.86847743248061,6.20677925076948,0,"Grass"
"371","QDASSD0011",6.43564356435644,6.28712871287129,8.86138613861386,0,"Tree"
"372","QDASSD0012",26.509900990099,10.519801980198,1.21287128712871,0,"Grass"
"373","QDASSD0013",20.6683168316832,15.3712871287129,0.173267326732673,0,"Grass"
"374","QDASSD0014",23.1683168316832,4.38118811881188,1.53465346534653,0,"Grass"
"375","QDASSD0015",24.5214521452145,8.61386138613861,0.792079207920792,0,"Grass"
"376","SAABHC0001",0.247524752475248,23.4158415841584,0.198019801980198,0.198019801980198,"Shrub"
"377","SAABHC0002",0.0495049504950495,16.5346534653465,4.8019801980198,0.198019801980198,"Shrub"
"378","SAABHC0003",5.3960396039604,8.61386138613861,0,0,"Shrub"
"379","SAABHC0004",0.148514851485149,27.2277227722772,23.3663366336634,0.148514851485149,"Shrub"
"380","SAABHC0005",0.099009900990099,9.40594059405941,0,0,"Shrub"
"381","SAABHC0006",0.198019801980198,7.42574257425743,0,0,"Shrub"
"382","SAAEYB0001",35.6435643564356,39.9009900990099,0,0,"Shrub"
"383","SAAEYB0002",17.2277227722772,39.8019801980198,16.039603960396,0,"Shrub"
"384","SAAEYB0003",26.6336633663366,55.7425742574257,44.5544554455446,0.198019801980198,"Shrub"
"385","SAAEYB0004",4.65346534653465,63.4653465346535,36.7326732673267,50.5940594059406,"Shrub"
"386","SAAEYB0005",18.9108910891089,47.5247524752475,39.009900990099,0.198019801980198,"Shrub"
"387","SAAEYB0006",5.04950495049505,69.9009900990099,43.960396039604,0.594059405940594,"Shrub"
"388","SAAEYB0007",10.4950495049505,43.2673267326733,34.3564356435644,0,"Shrub"
"389","SAAEYB0008",16.1386138613861,63.8613861386139,28.1188118811881,0,"Shrub"
"390","SAAEYB0009",4.65346534653465,38.3168316831683,33.5643564356436,0.198019801980198,"Shrub"
"391","SAAEYB0010",10.8910891089109,66.2376237623762,32.970297029703,0,"Shrub"
"392","SAAEYB0011",8.71287128712871,75.8415841584158,49.3069306930693,0,"Shrub"
"393","SAAEYB0012",18.2178217821782,63.1683168316832,31.3861386138614,0,"Shrub"
"394","SAAEYB0013",4.05940594059406,77.7227722772277,30.7920792079208,0,"Shrub"
"395","SAAEYB0021",23.2673267326733,39.2079207920792,0,0,"Shrub"
"396","SAAEYB0022",9.21704658077304,45.6888007928642,6.24380574826561,0,"Shrub"
"397","SAAEYB0023",8.21782178217822,34.4554455445545,0.594059405940594,0,"Shrub"
"398","SAAEYB0024",16.2376237623762,46.1386138613861,0,0,"Shrub"
"399","SAAEYB0025",28.4158415841584,47.029702970297,2.77227722772277,0,"Shrub"
"400","SAAEYB0026",21.2871287128713,49.8019801980198,0.594059405940594,0,"Shrub"
"401","SAAEYB0027",11.1881188118812,65.3465346534654,0,0,"Shrub"
"402","SAAEYB0028",7.02970297029703,13.6633663366337,0,0,"Shrub"
"403","SAAEYB0029",13.5643564356436,5.44554455445545,0,0,"Grass"
"404","SAAEYB0030",2.47524752475248,25.5445544554455,13.2673267326733,0,"Shrub"
"405","SAAEYB0031",0.099009900990099,26.4356435643564,5.74257425742574,0,"Shrub"
"406","SAAEYB0032",17.8217821782178,6.73267326732673,5.94059405940594,0,"Grass"
"407","SAAEYB0033",0.297029702970297,7.72277227722772,25.4455445544554,0,"Tree"
"408","SAAFLB0003",53.1683168316832,2.97029702970297,45.6435643564356,1.08910891089109,"Grass"
"409","SAAFLB0004",30.7920792079208,11.980198019802,36.2376237623762,4.65346534653465,"Tree"
"410","SAAFLB0005",13.1683168316832,44.8514851485149,0,0,"Shrub"
"411","SAAFLB0006",6.23762376237624,75.3465346534653,21.0891089108911,0,"Shrub"
"412","SAAFLB0007",14.1584158415842,8.81188118811881,0,0,"Grass"
"413","SAAFLB0008",2.07920792079208,18.7128712871287,19.6039603960396,0.099009900990099,"Tree"
"414","SAAFLB0030",11.7821782178218,7.87128712871287,0,0,"Grass"
"415","SAAFLB0031",4.95049504950495,6.63366336633663,0,0,"Shrub"
"416","SAAGAW0001",0.396039603960396,21.3861386138614,16.2376237623762,0.198019801980198,"Shrub"
"417","SAAGAW0002",3.06930693069307,21.5841584158416,0.297029702970297,0,"Shrub"
"418","SAAGAW0003",0,25.049504950495,10.2970297029703,0,"Shrub"
"419","SAAGAW0004",2.47524752475248,8.11881188118812,7.62376237623762,0,"Shrub"
"420","SAAGAW0005",0.396039603960396,23.5643564356436,1.18811881188119,0.099009900990099,"Shrub"
"421","SAAGAW0006",5.64356435643564,13.3663366336634,2.77227722772277,0,"Shrub"
"422","SAAGAW0007",1.48514851485149,15.2475247524752,4.85148514851485,0.099009900990099,"Shrub"
"423","SAAGAW0008",3.46534653465347,13.6633663366337,0,0,"Shrub"
"424","SAAGVD0001",14.3564356435644,13.8613861386139,0,0,"Grass"
"425","SAAGVD0002",22.1782178217822,11.4851485148515,0,0,"Grass"
"426","SAAGVD0003",62.1782178217822,7.32673267326733,0,0.099009900990099,"Grass"
"427","SAAGVD0004",5.64356435643564,16.7326732673267,1.58415841584158,0.099009900990099,"Shrub"
"428","SAAKAN0001",21.7326732673267,39.6534653465347,52.2277227722772,0,"Tree"
"429","SAAKAN0002",27.5742574257426,57.5247524752475,22.0792079207921,2.02970297029703,"Shrub"
"430","SAAKAN0003",11.7326732673267,21.8316831683168,34.7029702970297,4.10891089108911,"Tree"
"431","SAAKAN0004",1.08910891089109,53.4158415841584,20.8415841584158,0,"Shrub"
"432","SAAKAN0005",17.3267326732673,52.970297029703,10.8415841584158,0,"Shrub"
"433","SAAKAN0006",36.5346534653465,51.7821782178218,24.3564356435644,0,"Shrub"
"434","SAAKAN0007",18.7128712871287,46.5346534653465,8.91089108910891,0,"Shrub"
"435","SAAKAN0008",23.5643564356436,77.7227722772277,15.1485148514851,0,"Shrub"
"436","SAAKAN0009",6.48514851485148,71.7326732673267,14.8019801980198,0,"Shrub"
"437","SAAKAN0010",7.12871287128713,54.8019801980198,24.950495049505,0,"Shrub"
"438","SAAKAN0011",19.2574257425743,24.1584158415842,59.6039603960396,0.099009900990099,"Tree"
"439","SAAKAN0012",3.3993399339934,85.5115511551155,0,0,"Shrub"
"440","SAAMDD0007",24.8101436467399,10.4072737077036,0,0,"Grass"
"441","SAAMDD0008",0.719357295531042,5.62464683192885,42.1821487359654,0,"Tree"
"442","SAAMDD0009",21.1304287799298,10.7389254861741,10.468620567236,0,"Grass"
"443","SAAMDD0010",13.6230411120582,12.3407208270496,32.9310646296418,0,"Tree"
"444","SAAMDD0011",6.38613861386139,26.5346534653465,1.73267326732673,0.495049504950495,"Shrub"
"445","SAANUL0001",10.7920792079208,14.0594059405941,0,0,"Shrub"
"446","SAANUL0002",6.53465346534654,22.7722772277228,2.77227722772277,0,"Shrub"
"447","SAANUL0003",24.2574257425743,12.0792079207921,0,0,"Grass"
"448","SAANUL0004",15.4455445544554,15.2475247524752,0,0,"Grass"
"449","SAARIV0001",14.9290052890324,15.0605605654718,72.9561013584015,0,"Tree"
"450","SAARIV0002",7.78327832783278,16.8151815181518,63.7898789878988,0,"Tree"
"451","SAARIV0003",5.64356435643564,28.6138613861386,35,0,"Tree"
"452","SAARIV0004",50.4740474047405,12.5172517251725,16.3456345634563,0,"Grass"
"453","SAARIV0005",65.2365236523652,6.01210121012101,33.6028602860286,0,"Grass"
"454","SAARIV0006",67.1617161716172,7.92079207920792,12.6732673267327,0,"Grass"
"455","SAARIV0007",0,65.6930693069307,14.7029702970297,0,"Shrub"
"456","SAARIV0008",0.346534653465347,38.1683168316832,14.1584158415842,0,"Shrub"
"457","SAARIV0009",0.792079207920792,27.1287128712871,13.2673267326733,0,"Shrub"
"458","SAASTP0001",12.1782178217822,12.7722772277228,0,0.099009900990099,"Shrub"
"459","SAASTP0002",22.2001982160555,7.03666997026759,0.495540138751239,0.396432111000991,"Grass"
"460","SAASTP0003",8.11881188118812,8.41584158415842,0,0,"Shrub"
"461","SAASTP0004",20.1189296333003,6.73934588701685,0.0991080277502478,0,"Grass"
"462","SAASTP0005",24.4554455445545,12.6732673267327,0.198019801980198,0.297029702970297,"Grass"
"463","SAASTP0006",54.4554455445545,9.9009900990099,0,0,"Grass"
"464","SAASTP0007",12.7110228401192,16.583912611718,0,0.893743793445879,"Shrub"
"465","SAASTP0008",5.14851485148515,6.83168316831683,0,0,"Shrub"
"466","SAASTP0009",7.42574257425743,44.2574257425743,0,0.198019801980198,"Shrub"
"467","SAASTP0010",3.86521308225966,8.42418235877106,0,0,"Shrub"
"468","SAASTP0011",9.31615460852329,1.18929633300297,0,0,"Grass"
"469","SAASTP0012",15.2475247524752,5.84158415841584,0,0,"Grass"
"470","SAASTP0013",13.6633663366337,6.83168316831683,0,0,"Grass"
"471","SAASTP0014",1.98019801980198,2.97029702970297,0,0,"Shrub"
"472","SAASTP0015",4.75247524752475,4.45544554455445,0,0,"Grass"
"473","SAASTP0016",8.81188118811881,36.9306930693069,0,0,"Shrub"
"474","SAASTP0017",11.1881188118812,38.5148514851485,0,0,"Shrub"
"475","SAASTP0018",12.8712871287129,8.61386138613861,0,0,"Grass"
"476","SAASTP0019",7.92079207920792,9.9009900990099,0,0,"Shrub"
"477","SAASTP0020",9.00990099009901,5.44554455445545,0,0,"Grass"
"478","SAASTP0021",3.46534653465347,5.54455445544555,0,0,"Shrub"
"479","SAASTP0022",13.0693069306931,18.5148514851485,0,0,"Shrub"
"480","SAASTP0023",12.4752475247525,15.049504950495,0,0.297029702970297,"Shrub"
"481","SAASTP0024",0.396039603960396,5.64356435643564,0,0.198019801980198,"Shrub"
"482","SAASTP0025",1.48514851485149,3.16831683168317,0,0,"Shrub"
"483","SAASTP0026",1.28712871287129,4.35643564356436,0,0,"Shrub"
"484","SAASTP0027",1.98216055500496,4.16253716551041,0,0,"Shrub"
"485","SAASTP0028",1.10887096774194,1.20967741935484,0,0,"Shrub"
"486","SAASTP0029",1.78217821782178,8.81188118811881,0,0,"Shrub"
"487","SAASTP0030",12.4752475247525,4.65346534653465,0.198019801980198,0,"Grass"
"488","SAASTP0031",11.8811881188119,3.16831683168317,0,0,"Grass"
"489","SAASTP0032",16.4356435643564,3.86138613861386,0,0,"Grass"
"490","SAASTP0033",1.58415841584158,5.64356435643564,0,0,"Shrub"
"491","SAASTP0034",1.28712871287129,20.5940594059406,0,0,"Shrub"
"492","SASMDD0001",14.6534653465347,11.039603960396,15,0,"Tree"
"493","SASMDD0002",3.27706057596822,10.824230387289,33.2671300893744,0,"Tree"
"494","SASMDD0003",16.8316831683168,8.71287128712871,8.41584158415842,0,"Grass"
"495","SASMDD0004",8.41584158415842,15.0990099009901,0,0,"Shrub"
"496","SASMDD0005",20.4950495049505,13.5148514851485,0,0,"Grass"
"497","SASMDD0006",6.11661166116612,16.3513017968464,10.8874220755409,0,"Shrub"
"498","SASMDD0008",0.808580858085809,6.06710671067107,33.025302530253,0,"Tree"
"499","SASMDD0009",6.83168316831683,19.009900990099,2.17821782178218,0,"Shrub"
"500","SASMDD0011",12.7227722772277,16.7326732673267,0,0,"Shrub"
"501","SASMDD0012",2.77227722772277,5.64356435643564,29.7029702970297,0,"Tree"
"502","SASMDD0013",17.7227722772277,5.54455445544555,5.74257425742574,0,"Grass"
"503","SASMDD0014",0.891089108910891,17.2277227722772,2.17821782178218,0,"Shrub"
"504","SASMDD0016",5.14851485148515,6.33663366336634,28.5148514851485,0,"Tree"
"505","SASMDD0017",18.6633663366337,2.07920792079208,25.7425742574257,0,"Tree"
"506","SASMDD0018",6.03960396039604,15.5445544554455,5.44554455445545,0,"Shrub"
"507","SASRIV0001",1.28712871287129,15.7920792079208,0,0,"Shrub"
"508","SASRIV0002",5.94059405940594,9.30693069306931,0,0,"Shrub"
"509","SATEYB0001",29.5544554455446,22.4752475247525,22.5247524752475,0,"Grass"
"510","SATEYB0002",11.8316831683168,21.1881188118812,22.2277227722772,0.099009900990099,"Tree"
"511","SATFLB0001",10.8415841584158,15.990099009901,32.2772277227723,0.099009900990099,"Tree"
"512","SATFLB0002",11.3366336633663,62.2277227722772,26.0891089108911,1.63366336633663,"Shrub"
"513","SATFLB0003",36.2376237623762,29.2574257425743,53.6633663366337,1.28712871287129,"Tree"
"514","SATFLB0004",6.63366336633663,16.7821782178218,16.2376237623762,0.0495049504950495,"Shrub"
"515","SATFLB0005",15.2475247524752,32.3267326732673,12.4752475247525,0.148514851485149,"Shrub"
"516","SATFLB0006",5.04950495049505,32.5742574257426,9.00990099009901,0,"Shrub"
"517","SATFLB0007",2.02970297029703,31.0891089108911,9.55445544554455,0,"Shrub"
"518","SATFLB0008",40.4401261021625,32.2097433623959,4.35643564356436,0.743559430569923,"Grass"
"519","SATFLB0009",19.3069306930693,56.980198019802,28.8613861386139,4.6039603960396,"Shrub"
"520","SATFLB0010",2.97029702970297,24.2079207920792,41.2871287128713,0.198019801980198,"Tree"
"521","SATFLB0011",12.6237623762376,38.5643564356436,39.5544554455446,1.43564356435644,"Tree"
"522","SATFLB0012",10,54.9009900990099,9.25742574257426,2.02970297029703,"Shrub"
"523","SATFLB0013",27.8217821782178,27.6732673267327,46.8316831683168,3.41584158415842,"Tree"
"524","SATFLB0014",7.72277227722772,32.8712871287129,26.7326732673267,1.78217821782178,"Shrub"
"525","SATFLB0015",25.990099009901,31.7326732673267,65.2970297029703,0.198019801980198,"Tree"
"526","SATFLB0016",2.87128712871287,13.1188118811881,12.970297029703,0,"Shrub"
"527","SATFLB0017",7.02970297029703,16.039603960396,10.2475247524752,0,"Shrub"
"528","SATFLB0018",41.3861386138614,2.82178217821782,1.73267326732673,0,"Grass"
"529","SATFLB0019",29.950495049505,5.24752475247525,2.57425742574257,0,"Grass"
"530","SATFLB0020",3.36083608360836,10.038503850385,18.3828382838284,3.998899889989,"Tree"
"531","SATFLB0021",34.4554455445545,4.8019801980198,10.1980198019802,0.0495049504950495,"Grass"
"532","SATFLB0022",10.7920792079208,6.33663366336634,22.3267326732673,0.0495049504950495,"Tree"
"533","SATFLB0023",5.44554455445545,8.71287128712871,0.099009900990099,0,"Shrub"
"534","SATFLB0024",9.61063301572972,15.1562178021568,0.445986124876115,0,"Shrub"
"535","SATFLB0025",1.70517051705171,16.5401540154015,16.0891089108911,0.055005500550055,"Shrub"
"536","SATFLB0026",39.4554455445545,17.3267326732673,61.6336633663366,6.23762376237624,"Tree"
"537","SATFLB0027",17.2277227722772,18.9108910891089,57.5742574257426,10.9405940594059,"Tree"
"538","SATFLB0028",42.0792079207921,16.980198019802,9.9009900990099,0.396039603960396,"Grass"
"539","SATKAN0001",47.2435702440413,29.6726981915238,56.7131951054372,1.53465346534653,"Tree"
"540","SATKAN0002",40.5445544554455,36.5346534653465,59.7029702970297,0.099009900990099,"Tree"
"541","SATKAN0003",18.1683168316832,41.6831683168317,52.970297029703,3.46534653465347,"Tree"
"542","SATKAN0004",42.3033785043519,17.3351715746401,26.2995417480301,0.495392948611016,"Grass"
"543","SATSTP0001",19.6039603960396,2.92079207920792,0,0,"Grass"
"544","SATSTP0002",6.38613861386139,12.7722772277228,3.51485148514851,0.0495049504950495,"Shrub"
"545","SATSTP0003",13.6633663366337,2.72277227722772,0.0495049504950495,0,"Grass"
"546","SATSTP0004",13.3168316831683,18.1188118811881,1.28712871287129,0,"Shrub"
"547","SATSTP0005",13.6633663366337,10.7425742574257,0,0,"Grass"
"548","SATSTP0006",5.59405940594059,11.3366336633663,7.42574257425743,2.62376237623762,"Shrub"
"549","SATSTP0007",8.91089108910891,0,7.87128712871287,0,"Grass"
"550","SATSTP0008",10,5.24752475247525,0,0,"Grass"
"551","TCABEL0001",53.960396039604,28.9108910891089,0,4.55445544554455,"Grass"
"552","TCABEL0002",31.3861386138614,40.4950495049505,0,3.96039603960396,"Shrub"
"553","TCABEL0003",58.9108910891089,28.4158415841584,0,1.68316831683168,"Grass"
"554","TCATCH0001",26.6336633663366,73.5643564356436,25.3465346534653,8.41584158415842,"Shrub"
"555","TCATCH0002",52.1782178217822,26.1386138613861,0,5.94059405940594,"Grass"
"556","TCATCH0003",78.9108910891089,47.5247524752475,0,0.693069306930693,"Grass"
"557","TCATCH0004",12.0792079207921,7.42574257425743,31.8811881188119,6.53465346534654,"Tree"
"558","TCATCH0005",31.3861386138614,0,0,1.78217821782178,"Grass"
"559","TCATCH0006",49.9009900990099,27.029702970297,0,1.38613861386139,"Grass"
"560","TCATCH0007",19.1089108910891,64.4554455445545,0,5.04950495049505,"Shrub"
"561","TCATCH0008",70.8910891089109,34.4554455445545,0,0.396039603960396,"Grass"
"562","TCATCH0009",29.5049504950495,0,0,1.38613861386139,"Grass"
"563","TCATCH0010",89.1089108910891,11.0891089108911,0,66.4356435643564,"Grass"
"564","TCATCH0011",4.65346534653465,1.88118811881188,29.2079207920792,0,"Tree"
"565","TCATCH0012",85.9405940594059,0,0,9.40594059405941,"Grass"
"566","TCATNM0001",64.2574257425743,14.9504950495049,48.7128712871287,0,"Grass"
"567","TCATNM0002",64.1584158415842,0.693069306930693,23.3663366336634,20.3960396039604,"Grass"
"568","TCATNM0003",50.4950495049505,17.3267326732673,24.950495049505,16.039603960396,"Grass"
"569","TCATNM0004",51.8811881188119,10.3960396039604,27.3267326732673,10.5940594059406,"Grass"
"570","TCATNM0005",55.1485148514852,0.495049504950495,3.66336633663366,3.46534653465347,"Grass"
"571","TCATNM0006",76.039603960396,0.297029702970297,1.78217821782178,1.58415841584158,"Grass"
"572","VCAAUA0001",69.9009900990099,30.4950495049505,0,0.198019801980198,"Grass"
"573","VCAAUA0002",77.4257425742574,16.039603960396,0,0,"Grass"
"574","VCAAUA0003",58.8118811881188,20.990099009901,0,61.4851485148515,"Grass"
"575","VCAAUA0004",60.3960396039604,53.2673267326733,14.7524752475248,0,"Grass"
"576","VCAAUA0005",83.5643564356436,17.2277227722772,0,0,"Grass"
"577","VCAAUA0006",88.5148514851485,7.72277227722772,0,0.099009900990099,"Grass"
"578","VCAAUA0007",79.6039603960396,1.98019801980198,0,0.099009900990099,"Grass"
"579","VCAAUA0008",36.5346534653465,75.5445544554455,40.5940594059406,0.693069306930693,"Shrub"
"580","VCAAUA0009",41.6831683168317,73.1683168316832,9.30693069306931,0,"Shrub"
"581","VCAAUA0010",90.0373599003736,8.96637608966376,0,0.37359900373599,"Grass"
"582","VCAAUA0011",98.1188118811881,0.396039603960396,0,0,"Grass"
"583","VCAAUA0012",94.8514851485149,1.18811881188119,0,3.06930693069307,"Grass"
"584","VCAAUA0013",96.4356435643564,3.26732673267327,0,1.98019801980198,"Grass"
"585","VCAAUA0014",86.5346534653465,16.6336633663366,0,0,"Grass"
"586","VCAAUA0015",87.8217821782178,29.4059405940594,1.18811881188119,0.297029702970297,"Grass"
"587","VCAMDD0001",2.67326732673267,20.990099009901,0,0,"Shrub"
"588","VCAMDD0002",8.71287128712871,15.8415841584158,9.5049504950495,0,"Shrub"
"589","VCAMDD0003",1.18811881188119,12.8712871287129,16.2376237623762,0,"Tree"
"590","WAAAVW0001",21.7821782178218,33.3663366336634,0,0,"Shrub"
"591","WAAAVW0002",11.3861386138614,36.8316831683168,0,0,"Shrub"
"592","WAAAVW0003",3.46534653465347,4.95049504950495,32.6732673267327,0,"Tree"
"593","WAAAVW0004",4.05940594059406,5.14851485148515,33.1683168316832,0,"Tree"
"594","WAAAVW0005",3.96039603960396,5.04950495049505,16.7326732673267,0,"Tree"
"595","WAAAVW0006",32.8712871287129,22.6732673267327,1.18811881188119,3.06930693069307,"Grass"
"596","WAAAVW0007",0.396039603960396,47.029702970297,0,0,"Shrub"
"597","WAACAR0001",6.03960396039604,23.3663366336634,14.1584158415842,0.099009900990099,"Shrub"
"598","WAACAR0002",7.02970297029703,3.86138613861386,25.2475247524752,0,"Tree"
"599","WAACAR0003",13.3874239350913,41.9878296146045,1.72413793103448,0,"Shrub"
"600","WAACAR0004",10.7920792079208,17.029702970297,0,0,"Shrub"
"601","WAACEK0001",3.76237623762376,0.495049504950495,18.8118811881188,0,"Tree"
"602","WAACEK0002",63.6633663366337,1.38613861386139,1.88118811881188,0,"Grass"
"603","WAACEK0003",52.6732673267327,1.58415841584158,7.02970297029703,0,"Grass"
"604","WAACOO0001",0.099009900990099,73.5643564356436,1.48514851485149,0,"Shrub"
"605","WAACOO0002",0,1.08910891089109,0,0,"Shrub"
"606","WAACOO0003",1.38613861386139,55.4455445544555,11.4851485148515,0,"Shrub"
"607","WAACOO0004",0.891089108910891,53.1683168316832,10.3960396039604,0,"Shrub"
"608","WAACOO0005",39.8019801980198,11.7821782178218,0,3.56435643564356,"Grass"
"609","WAACOO0006",0,34.6534653465347,23.6633663366337,0,"Shrub"
"610","WAACOO0007",0.297029702970297,43.5643564356436,14.7524752475248,0,"Shrub"
"611","WAACOO0008",5.24752475247525,13.8613861386139,26.6336633663366,0,"Tree"
"612","WAACOO0009",18.019801980198,28.9108910891089,0,0.396039603960396,"Shrub"
"613","WAACOO0010",24.5544554455446,7.02970297029703,1.68316831683168,0.099009900990099,"Grass"
"614","WAACOO0011",0.396039603960396,16.5346534653465,5.14851485148515,0.198019801980198,"Shrub"
"615","WAACOO0012",1.88118811881188,19.9009900990099,28.9108910891089,0,"Tree"
"616","WAACOO0016",38.2178217821782,45.6435643564356,2.57425742574257,0,"Shrub"
"617","WAACOO0017",45.2475247524753,39.5049504950495,11.0891089108911,0,"Grass"
"618","WAACOO0018",41.5841584158416,60.1980198019802,9.30693069306931,0,"Shrub"
"619","WAACOO0019",61.2871287128713,40.3960396039604,4.65346534653465,0,"Grass"
"620","WAACOO0020",2.27722772277228,14.1584158415842,14.7524752475248,0,"Tree"
"621","WAACOO0021",1.48514851485149,12.5742574257426,11.2871287128713,0,"Shrub"
"622","WAACOO0022",0.198019801980198,0.891089108910891,41.8811881188119,0,"Tree"
"623","WAACOO0023",1.28712871287129,10.2970297029703,19.9009900990099,0,"Tree"
"624","WAACOO0024",0.594059405940594,66.7326732673267,3.46534653465347,0.198019801980198,"Shrub"
"625","WAACOO0025",23.3663366336634,37.029702970297,0,0,"Shrub"
"626","WAACOO0026",34.2574257425743,52.6732673267327,2.97029702970297,0,"Shrub"
"627","WAACOO0027",33.960396039604,43.7623762376238,0.99009900990099,0,"Shrub"
"628","WAACOO0028",22.7722772277228,45.1485148514852,5.04950495049505,0,"Shrub"
"629","WAACOO0029",51.3861386138614,52.4752475247525,1.98019801980198,0,"Shrub"
"630","WAACOO0030",21.3861386138614,20.2970297029703,0,0,"Grass"
"631","WAACOO0031",25.6435643564356,23.5643564356436,0,0,"Grass"
"632","WAACOO0032",20.4950495049505,24.6534653465347,0,0.099009900990099,"Shrub"
"633","WAADAL0001",67.3267326732673,2.87128712871287,1.98019801980198,0,"Grass"
"634","WAADAL0002",7.92079207920792,24.950495049505,4.55445544554455,0,"Shrub"
"635","WAADAL0003",23.3223322332233,25.7425742574257,0,0,"Shrub"
"636","WAADAL0004",18.7128712871287,21.3861386138614,22.4752475247525,0,"Tree"
"637","WAADAL0005",64.5544554455446,8.11881188118812,25.7425742574257,0,"Grass"
"638","WAAESP0001",15.4455445544554,50.6930693069307,4.85148514851485,0,"Shrub"
"639","WAAGAS0001",0.792079207920792,1.38613861386139,3.26732673267327,0,"Tree"
"640","WAAGAS0002",30.4950495049505,0.297029702970297,4.65346534653465,0,"Grass"
"641","WAAGES0001",14.4554455445545,39.9009900990099,0.346534653465347,0,"Shrub"
"642","WAAGES0002",6.98019801980198,45.1485148514851,1.63366336633663,0,"Shrub"
"643","WAAGES0003",18.3663366336634,21.5346534653465,11.1386138613861,0.148514851485149,"Shrub"
"644","WAAGES0004",14.5544554455446,18.2178217821782,18.5148514851485,0,"Tree"
"645","WAAGES0005",18.1188118811881,33.1683168316832,0,0,"Shrub"
"646","WAAGSD0001",39.1089108910891,2.57425742574257,0,0,"Grass"
"647","WAAGVD0001",4.15841584158416,18.1188118811881,6.53465346534654,0,"Shrub"
"648","WAAHAM0001",15.049504950495,39.2079207920792,0,0,"Shrub"
"649","WAAHAM0002",6.63366336633663,28.1188118811881,0.297029702970297,0,"Shrub"
"650","WAAHAM0003",37.029702970297,1.98019801980198,0,0,"Grass"
"651","WAAHAM0004",15.7425742574257,23.4653465346535,0,0,"Shrub"
"652","WAAHAM0005",10.8910891089109,50.4950495049505,0.99009900990099,0,"Shrub"
"653","WAAHAM0006",2.57425742574257,10.5940594059406,46.4356435643564,0,"Tree"
"654","WAAJAF0001",16.1386138613861,58.019801980198,32.3762376237624,2.37623762376238,"Shrub"
"655","WAAJAF0002",23.0693069306931,26.2376237623762,37.8217821782178,4.95049504950495,"Tree"
"656","WAAJAF0003",14.5544554455446,20.3960396039604,15.1485148514851,0.099009900990099,"Shrub"
"657","WAALSD0001",44.950495049505,34.7524752475247,0.396039603960396,0,"Grass"
"658","WAALSD0002",34.8514851485148,42.8712871287129,0,0,"Shrub"
"659","WAALSD0003",42.1782178217822,16.9306930693069,0.099009900990099,0,"Grass"
"660","WAAMAL0001",0,38.2178217821782,17.029702970297,0,"Shrub"
"661","WAAMAL0002",13.0693069306931,23.7623762376238,6.23762376237624,0,"Shrub"
"662","WAAMAL0003",11.4851485148515,38.5148514851485,0,0,"Shrub"
"663","WAAMUR0001",23.8613861386139,4.15841584158416,11.7821782178218,0,"Grass"
"664","WAAMUR0002",23.0693069306931,9.7029702970297,4.35643564356436,0,"Grass"
"665","WAAMUR0003",15.2475247524752,17.2277227722772,2.27722772277228,0,"Shrub"
"666","WAAMUR0004",18.5148514851485,5.24752475247525,0.594059405940594,0,"Grass"
"667","WAAMUR0005",21.8811881188119,6.93069306930693,1.28712871287129,0,"Grass"
"668","WAAMUR0006",3.56435643564356,7.62376237623762,0.891089108910891,0,"Shrub"
"669","WAAMUR0007",39.9009900990099,11.3861386138614,3.36633663366337,0,"Grass"
"670","WAAMUR0008",8.71287128712871,5.34653465346535,1.68316831683168,0,"Grass"
"671","WAAMUR0028",46.8316831683168,10.6930693069307,6.63366336633663,0,"Grass"
"672","WAAMUR0029",60.3960396039604,10.6930693069307,2.27722772277228,0,"Grass"
"673","WAAMUR0030",36.3366336633663,12.1782178217822,3.06930693069307,0,"Grass"
"674","WAAMUR0031",56.3366336633663,10.990099009901,3.06930693069307,0,"Grass"
"675","WAANOK0001",5.24752475247525,12.7722772277228,24.4554455445545,0,"Tree"
"676","WAANOK0002",11.0891089108911,14.3564356435644,16.1386138613861,0,"Tree"
"677","WAANOK0003",33.5643564356436,9.6039603960396,22.3762376237624,0.297029702970297,"Grass"
"678","WAANOK0004",85.4455445544554,14.7524752475248,16.2376237623762,0,"Grass"
"679","WAANOK0005",49.1089108910891,9.40594059405941,9.5049504950495,0,"Grass"
"680","WAANOK0006",30.4950495049505,16.4356435643564,22.6732673267327,0.396039603960396,"Grass"
"681","WAANOK0007",42.5742574257426,6.13861386138614,10.6930693069307,0,"Grass"
"682","WAANOK0008",69.6039603960396,3.56435643564356,23.1683168316832,0,"Grass"
"683","WAANUL0001",7.82178217821782,27.9207920792079,0,0,"Shrub"
"684","WAANUL0002",24.6534653465347,10.0990099009901,0,0,"Grass"
"685","WAANUL0003",7.62376237623762,20.990099009901,9.6039603960396,0,"Shrub"
"686","WAANUL0004",10.4950495049505,14.7524752475248,5.74257425742574,0,"Shrub"
"687","WAANUL0005",36.2376237623762,9.20792079207921,0.693069306930693,0,"Grass"
"688","WAANUL0006",32.2772277227723,3.36633663366337,0.099009900990099,0,"Grass"
"689","WAANUL0007",19.2079207920792,16.3366336633663,0,0,"Grass"
"690","WAANUL0008",3.76237623762376,7.42574257425743,0,0,"Shrub"
"691","WAANUL0009",1.18811881188119,18.8118811881188,0,0,"Shrub"
"692","WAAPIL0001",49.9009900990099,18.2178217821782,7.22772277227723,0.297029702970297,"Grass"
"693","WAAPIL0002",50.8910891089109,6.63366336633663,6.13861386138614,0,"Grass"
"694","WAAPIL0003",1.58415841584158,0.594059405940594,0.792079207920792,0,"Grass"
"695","WAAPIL0004",28.9108910891089,0.198019801980198,0,0,"Grass"
"696","WAAPIL0005",25.6435643564356,54.2574257425743,42.970297029703,0,"Shrub"
"697","WAAPIL0006",29.2079207920792,0.198019801980198,7.02970297029703,0,"Grass"
"698","WAAPIL0007",57.9207920792079,12.8712871287129,0,0,"Grass"
"699","WAAPIL0008",43.2673267326733,0.198019801980198,0,0,"Grass"
"700","WAAPIL0009",41.6831683168317,13.8613861386139,2.87128712871287,0,"Grass"
"701","WAAPIL0010",18.1188118811881,19.4059405940594,3.96039603960396,0,"Shrub"
"702","WAAPIL0011",5.34653465346535,23.7623762376238,0.099009900990099,0,"Shrub"
"703","WAAPIL0012",42.3762376237624,6.43564356435644,6.03960396039604,0,"Grass"
"704","WAAPIL0013",45.3465346534653,2.67326732673267,5.74257425742574,0,"Grass"
"705","WAAPIL0014",36.2376237623762,1.98019801980198,21.0891089108911,0.297029702970297,"Grass"
"706","WAAPIL0015",61.6831683168317,0,0,0,"Grass"
"707","WAAPIL0016",57.3267326732673,10.3960396039604,52.7722772277228,0.198019801980198,"Grass"
"708","WAAPIL0017",41.5841584158416,11.1881188118812,0.891089108910891,0,"Grass"
"709","WAAPIL0018",64.2574257425743,7.92079207920792,7.72277227722772,0,"Grass"
"710","WAAPIL0019",16.4356435643564,9.10891089108911,6.13861386138614,0,"Grass"
"711","WAAPIL0020",20.3960396039604,2.47524752475248,0,0,"Grass"
"712","WAAPIL0021",3.06930693069307,18.9108910891089,1.48514851485149,0,"Shrub"
"713","WAAPIL0022",15.1485148514851,9.10891089108911,18.6138613861386,0,"Tree"
"714","WAAPIL0023",20.2970297029703,13.2673267326733,25.1485148514851,0,"Tree"
"715","WAAPIL0024",14.0594059405941,12.7722772277228,9.00990099009901,0.693069306930693,"Grass"
"716","WAAPIL0025",14.8514851485149,16.7326732673267,37.6237623762376,0.198019801980198,"Tree"
"717","WAAPIL0026",6.23762376237624,14.9504950495049,0.792079207920792,0,"Shrub"
"718","WAAPIL0027",19.7029702970297,0.495049504950495,0,0,"Grass"
"719","WAAPIL0028",0.693069306930693,18.7128712871287,3.26732673267327,0.099009900990099,"Shrub"
"720","WAAPIL0029",14.4554455445545,6.73267326732673,26.5346534653465,1.28712871287129,"Tree"
"721","WAAPIL0030",42.1782178217822,0.891089108910891,0,0,"Grass"
"722","WAAPIL0031",45.6435643564356,4.35643564356436,8.81188118811881,0,"Grass"
"723","WAAPIL0032",9.10891089108911,6.03960396039604,0.396039603960396,0.099009900990099,"Grass"
"724","WAAPIL0033",14.5544554455446,13.3663366336634,8.51485148514852,0,"Grass"
"725","WAAPIL0034",34.1584158415842,11.4851485148515,0,0,"Grass"
"726","WAAPIL0035",36.4356435643564,1.58415841584158,0.693069306930693,0,"Grass"
"727","WAASWA0001",17.2277227722772,30.990099009901,25.3465346534653,0,"Shrub"
"728","WAASWA0002",21.4851485148515,16.4356435643564,44.2574257425743,0,"Tree"
"729","WAASWA0003",49.009900990099,1.78217821782178,37.4257425742574,42.1782178217822,"Grass"
"730","WAASWA0004",16.039603960396,37.9207920792079,23.8613861386139,0,"Shrub"
"731","WAAVIB0001",56.9306930693069,0,0,0,"Grass"
"732","WAAVIB0002",27.1287128712871,7.82178217821782,3.76237623762376,0,"Grass"
"733","WAAVIB0003",40.4950495049505,9.10891089108911,22.6732673267327,0.693069306930693,"Grass"
"734","WAAVIB0004",54.950495049505,13.4653465346535,16.3366336633663,0,"Grass"
"735","WAAYAL0001",11.0891089108911,51.1881188118812,0,0,"Shrub"
"736","WAAYAL0002",7.32673267326733,49.5049504950495,0,0,"Shrub"
"737","WAAYAL0003",19.4059405940594,53.7623762376238,0,0,"Shrub"
"738","WAAYAL0004",62.970297029703,29.1089108910891,0,0,"Grass"
"739","WAAYAL0005",20,50.6930693069307,0,0,"Shrub"
"740","WAAYAL0006",16.2376237623762,19.8019801980198,5.44554455445545,0.792079207920792,"Shrub"
"741","WAAYAL0007",11.6831683168317,12.7722772277228,0,0,"Shrub"
"742","WAAYAL0008",12.8712871287129,31.5841584158416,0.297029702970297,0,"Shrub"
"743","WAGCOO0001",0.396039603960396,7.62376237623762,24.3564356435644,0,"Tree"
"744","WAGCOO0002",36.039603960396,24.1584158415842,0,0,"Grass"
"745","WAGCOO0004",17.5247524752475,22.1782178217822,0,0,"Shrub"
